都道府県,市区町村,人数
北海道,101 札幌市中央区,"9,265"
北海道,102 札幌市北区,"14,470"
北海道,103 札幌市東区,"12,035"
北海道,104 札幌市白石区,"8,874"
北海道,105 札幌市豊平区,"9,616"
北海道,106 札幌市南区,"6,123"
北海道,107 札幌市西区,"9,970"
北海道,108 札幌市厚別区,"6,085"
北海道,109 札幌市手稲区,"7,122"
北海道,110 札幌市清田区,"6,716"
北海道,202 函館市,"11,864"
北海道,203 小樽市,"5,098"
北海道,204 旭川市,"16,818"
北海道,205 室蘭市,"4,152"
北海道,206 釧路市,"8,823"
北海道,207 帯広市,"8,253"
北海道,208 北見市,"5,862"
北海道,209 夕張市,242
北海道,210 岩見沢市,"4,015"
北海道,211 網走市,"1,945"
北海道,212 留萌市,"1,019"
北海道,213 苫小牧市,"9,429"
北海道,214 稚内市,"1,858"
北海道,215 美唄市,929
北海道,216 芦別市,531
北海道,217 江別市,"6,065"
北海道,218 赤平市,414
北海道,219 紋別市,"1,060"
北海道,220 士別市,969
北海道,221 名寄市,"1,464"
北海道,222 三笠市,318
北海道,223 根室市,"1,402"
北海道,224 千歳市,"5,560"
北海道,225 滝川市,"1,935"
北海道,226 砂川市,858
北海道,227 歌志内市,134
北海道,228 深川市,877
北海道,229 富良野市,"1,217"
北海道,230 登別市,"2,446"
北海道,231 恵庭市,"3,910"
北海道,233 伊達市,"1,746"
北海道,234 北広島市,"3,393"
北海道,235 石狩市,"3,472"
北海道,236 北斗市,"2,859"
北海道,303 当別町,813
北海道,304 新篠津村,162
北海道,331 松前町,282
北海道,332 福島町,160
北海道,333 知内町,235
北海道,334 木古内町,144
北海道,337 七飯町,"1,407"
北海道,343 鹿部町,181
北海道,345 森町,881
北海道,346 八雲町,868
北海道,347 長万部町,210
北海道,361 江差町,396
北海道,362 上ノ国町,249
北海道,363 厚沢部町,186
北海道,364 乙部町,201
北海道,367 奥尻町,123
北海道,370 今金町,247
北海道,371 せたな町,359
北海道,391 島牧村,62
北海道,392 寿都町,125
北海道,393 黒松内町,144
北海道,394 蘭越町,244
北海道,395 ニセコ町,219
北海道,396 真狩村,93
北海道,397 留寿都村,101
北海道,398 喜茂別町,102
北海道,399 京極町,170
北海道,400 倶知安町,841
北海道,401 共和町,297
北海道,402 岩内町,633
北海道,403 泊村,92
北海道,404 神恵内村,33
北海道,405 積丹町,84
北海道,406 古平町,98
北海道,407 仁木町,141
北海道,408 余市町,873
北海道,409 赤井川村,65
北海道,423 南幌町,327
北海道,424 奈井江町,253
北海道,425 上砂川町,124
北海道,427 由仁町,254
北海道,428 長沼町,499
北海道,429 栗山町,556
北海道,430 月形町,117
北海道,431 浦臼町,80
北海道,432 新十津川町,351
北海道,433 妹背牛町,116
北海道,434 秩父別町,85
北海道,436 雨竜町,120
北海道,437 北竜町,78
北海道,438 沼田町,135
北海道,452 鷹栖町,502
北海道,453 東神楽町,692
北海道,454 当麻町,330
北海道,455 比布町,155
北海道,456 愛別町,130
北海道,457 上川町,172
北海道,458 東川町,455
北海道,459 美瑛町,485
北海道,460 上富良野町,630
北海道,461 中富良野町,308
北海道,462 南富良野町,122
北海道,463 占冠村,48
北海道,464 和寒町,164
北海道,465 剣淵町,167
北海道,468 下川町,169
北海道,469 美深町,175
北海道,470 音威子府村,17
北海道,471 中川町,70
北海道,472 幌加内町,75
北海道,481 増毛町,202
北海道,482 小平町,136
北海道,483 苫前町,152
北海道,484 羽幌町,338
北海道,485 初山別村,51
北海道,486 遠別町,133
北海道,487 天塩町,156
北海道,511 猿払村,185
北海道,512 浜頓別町,203
北海道,513 中頓別町,77
北海道,514 枝幸町,469
北海道,516 豊富町,203
北海道,517 礼文町,120
北海道,518 利尻町,105
北海道,519 利尻富士町,138
北海道,520 幌延町,136
北海道,543 美幌町,"1,033"
北海道,544 津別町,187
北海道,545 斜里町,574
北海道,546 清里町,209
北海道,547 小清水町,241
北海道,549 訓子府町,264
北海道,550 置戸町,128
北海道,552 佐呂間町,257
北海道,555 遠軽町,"1,056"
北海道,559 湧別町,485
北海道,560 滝上町,99
北海道,561 興部町,201
北海道,562 西興部村,46
北海道,563 雄武町,215
北海道,564 大空町,397
北海道,571 豊浦町,202
北海道,575 壮瞥町,132
北海道,578 白老町,729
北海道,581 厚真町,213
北海道,584 洞爺湖町,395
北海道,585 安平町,397
北海道,586 むかわ町,386
北海道,601 日高町,651
北海道,602 平取町,259
北海道,604 新冠町,322
北海道,607 浦河町,662
北海道,608 様似町,209
北海道,609 えりも町,293
北海道,610 新ひだか町,"1,182"
北海道,631 音更町,"2,948"
北海道,632 士幌町,374
北海道,633 上士幌町,252
北海道,634 鹿追町,341
北海道,635 新得町,280
北海道,636 清水町,468
北海道,637 芽室町,"1,288"
北海道,638 中札内村,192
北海道,639 更別村,184
北海道,641 大樹町,274
北海道,642 広尾町,366
北海道,643 幕別町,"1,544"
北海道,644 池田町,315
北海道,645 豊頃町,163
北海道,646 本別町,340
北海道,647 足寄町,365
北海道,648 陸別町,92
北海道,649 浦幌町,206
北海道,661 釧路町,"1,085"
北海道,662 厚岸町,484
北海道,663 浜中町,354
北海道,664 標茶町,429
北海道,665 弟子屈町,365
北海道,667 鶴居村,153
北海道,668 白糠町,350
北海道,691 別海町,"1,011"
北海道,692 中標津町,"1,590"
北海道,693 標津町,325
北海道,694 羅臼町,309
青森県,201 青森市,"15,084"
青森県,202 弘前市,"8,699"
青森県,203 八戸市,"12,514"
青森県,204 黒石市,"1,769"
青森県,205 五所川原市,"2,863"
青森県,206 十和田市,"3,325"
青森県,207 三沢市,"2,498"
青森県,208 むつ市,"3,200"
青森県,209 つがる市,"1,632"
青森県,210 平川市,"1,591"
青森県,301 平内町,471
青森県,303 今別町,81
青森県,304 蓬田村,131
青森県,307 外ヶ浜町,219
青森県,321 鰺ヶ沢町,382
青森県,323 深浦町,345
青森県,343 西目屋村,47
青森県,361 藤崎町,779
青森県,362 大鰐町,410
青森県,367 田舎館村,364
青森県,381 板柳町,679
青森県,384 鶴田町,687
青森県,387 中泊町,468
青森県,401 野辺地町,652
青森県,402 七戸町,710
青森県,405 六戸町,549
青森県,406 横浜町,220
青森県,408 東北町,921
青森県,411 六ヶ所村,565
青森県,412 おいらせ町,"1,516"
青森県,423 大間町,303
青森県,424 東通村,317
青森県,425 風間浦村,89
青森県,426 佐井村,101
青森県,441 三戸町,477
青森県,442 五戸町,766
青森県,443 田子町,265
青森県,445 南部町,910
青森県,446 階上町,700
青森県,450 新郷村,95
岩手県,201 盛岡市,"15,870"
岩手県,202 宮古市,"2,664"
岩手県,203 大船渡市,"1,739"
岩手県,205 花巻市,"5,173"
岩手県,206 北上市,"5,517"
岩手県,207 久慈市,"1,976"
岩手県,208 遠野市,"1,346"
岩手県,209 一関市,"6,208"
岩手県,210 陸前高田市,933
岩手県,211 釜石市,"1,570"
岩手県,213 二戸市,"1,420"
岩手県,214 八幡平市,"1,163"
岩手県,215 奥州市,"6,269"
岩手県,301 雫石町,809
岩手県,302 葛巻町,219
岩手県,303 岩手町,681
岩手県,305 滝沢村,"3,289"
岩手県,321 紫波町,"1,898"
岩手県,322 矢巾町,"1,550"
岩手県,366 西和賀町,225
岩手県,381 金ケ崎町,897
岩手県,402 平泉町,392
岩手県,441 住田町,226
岩手県,461 大槌町,532
岩手県,482 山田町,773
岩手県,483 岩泉町,440
岩手県,484 田野畑村,161
岩手県,485 普代村,111
岩手県,501 軽米町,431
岩手県,503 野田村,193
岩手県,506 九戸村,294
岩手県,507 洋野町,821
岩手県,524 一戸町,538
宮城県,101 仙台市青葉区,"14,056"
宮城県,102 仙台市宮城野区,"9,503"
宮城県,103 仙台市若林区,"6,827"
宮城県,104 仙台市太白区,"11,990"
宮城県,105 仙台市泉区,"12,167"
宮城県,202 石巻市,"7,458"
宮城県,203 塩竈市,"2,557"
宮城県,205 気仙沼市,"3,137"
宮城県,206 白石市,"1,780"
宮城県,207 名取市,"4,608"
宮城県,208 角田市,"1,566"
宮城県,209 多賀城市,"3,567"
宮城県,211 岩沼市,"2,770"
宮城県,212 登米市,"4,266"
宮城県,213 栗原市,"3,326"
宮城県,214 東松島市,"2,338"
宮城県,215 大崎市,"7,316"
宮城県,301 蔵王町,623
宮城県,302 七ヶ宿町,55
宮城県,321 大河原町,"1,367"
宮城県,322 村田町,509
宮城県,323 柴田町,"2,023"
宮城県,324 川崎町,413
宮城県,341 丸森町,647
宮城県,361 亘理町,"1,831"
宮城県,362 山元町,554
宮城県,401 松島町,612
宮城県,404 七ヶ浜町,"1,109"
宮城県,406 利府町,"2,359"
宮城県,421 大和町,"1,569"
宮城県,422 大郷町,406
宮城県,423 富谷町,"4,184"
宮城県,424 大衡村,334
宮城県,444 色麻町,432
宮城県,445 加美町,"1,219"
宮城県,501 涌谷町,831
宮城県,505 美里町,"1,210"
宮城県,581 女川町,282
宮城県,606 南三陸町,646
秋田県,201 秋田市,"15,643"
秋田県,202 能代市,"2,567"
秋田県,203 横手市,"4,442"
秋田県,204 大館市,"3,479"
秋田県,206 男鹿市,"1,073"
秋田県,207 湯沢市,"2,087"
秋田県,209 鹿角市,"1,515"
秋田県,210 由利本荘市,"3,754"
秋田県,211 潟上市,"1,712"
秋田県,212 大仙市,"3,831"
秋田県,213 北秋田市,"1,315"
秋田県,214 にかほ市,"1,348"
秋田県,215 仙北市,"1,273"
秋田県,303 小坂町,244
秋田県,327 上小阿仁村,68
秋田県,346 藤里町,122
秋田県,348 三種町,685
秋田県,349 八峰町,297
秋田県,361 五城目町,342
秋田県,363 八郎潟町,287
秋田県,366 井川町,236
秋田県,368 大潟村,196
秋田県,434 美郷町,958
秋田県,463 羽後町,654
秋田県,464 東成瀬村,121
山形県,201 山形市,"13,715"
山形県,202 米沢市,"4,700"
山形県,203 鶴岡市,"6,755"
山形県,204 酒田市,"5,457"
山形県,205 新庄市,"2,103"
山形県,206 寒河江市,"2,393"
山形県,207 上山市,"1,500"
山形県,208 村山市,"1,256"
山形県,209 長井市,"1,413"
山形県,210 天童市,"3,360"
山形県,211 東根市,"2,800"
山形県,212 尾花沢市,863
山形県,213 南陽市,"1,703"
山形県,301 山辺町,797
山形県,302 中山町,597
山形県,321 河北町,993
山形県,322 西川町,270
山形県,323 朝日町,315
山形県,324 大江町,394
山形県,341 大石田町,400
山形県,361 金山町,315
山形県,362 最上町,459
山形県,363 舟形町,265
山形県,364 真室川町,399
山形県,365 大蔵村,166
山形県,366 鮭川村,206
山形県,367 戸沢村,216
山形県,381 高畠町,"1,342"
山形県,382 川西町,778
山形県,401 小国町,384
山形県,402 白鷹町,708
山形県,403 飯豊町,356
山形県,426 三川町,430
山形県,428 庄内町,"1,123"
山形県,461 遊佐町,664
福島県,201 福島市,"14,781"
福島県,202 会津若松市,"6,922"
福島県,203 郡山市,"17,767"
福島県,204 いわき市,"18,468"
福島県,205 白河市,"3,674"
福島県,207 須賀川市,"4,579"
福島県,208 喜多方市,"2,596"
福島県,209 相馬市,"2,036"
福島県,210 二本松市,"2,997"
福島県,211 田村市,"1,963"
福島県,212 南相馬市,"2,037"
福島県,213 伊達市,"3,137"
福島県,214 本宮市,"1,838"
福島県,301 桑折町,604
福島県,303 国見町,473
福島県,308 川俣町,664
福島県,322 大玉村,488
福島県,342 鏡石町,766
福島県,344 天栄村,320
福島県,362 下郷町,290
福島県,364 檜枝岐村,33
福島県,367 只見町,215
福島県,368 南会津町,781
福島県,402 北塩原村,166
福島県,405 西会津町,250
福島県,407 磐梯町,189
福島県,408 猪苗代町,741
福島県,421 会津坂下町,923
福島県,422 湯川村,201
福島県,423 柳津町,165
福島県,444 三島町,56
福島県,445 金山町,55
福島県,446 昭和村,39
福島県,447 会津美里町,"1,066"
福島県,461 西郷村,"1,145"
福島県,464 泉崎村,381
福島県,465 中島村,311
福島県,466 矢吹町,949
福島県,481 棚倉町,856
福島県,482 矢祭町,275
福島県,483 塙町,449
福島県,484 鮫川村,195
福島県,501 石川町,778
福島県,502 玉川村,417
福島県,503 平田村,342
福島県,504 浅川町,420
福島県,505 古殿町,282
福島県,521 三春町,844
福島県,522 小野町,538
福島県,541 広野町,69
福島県,542 楢葉町,88
福島県,543 富岡町,31
福島県,544 川内村,24
福島県,545 大熊町,178
福島県,546 双葉町,-
福島県,547 浪江町,17
福島県,548 葛尾村,14
福島県,561 新地町,490
福島県,564 飯舘村,206
茨城県,201 水戸市,"14,915"
茨城県,202 日立市,"10,109"
茨城県,203 土浦市,"7,635"
茨城県,204 古河市,"7,532"
茨城県,205 石岡市,"3,989"
茨城県,207 結城市,"2,802"
茨城県,208 龍ケ崎市,"4,345"
茨城県,210 下妻市,"2,509"
茨城県,211 常総市,"3,494"
茨城県,212 常陸太田市,"2,436"
茨城県,214 高萩市,"1,480"
茨城県,215 北茨城市,"2,251"
茨城県,216 笠間市,"4,085"
茨城県,217 取手市,"4,983"
茨城県,219 牛久市,"4,519"
茨城県,220 つくば市,"13,047"
茨城県,221 ひたちなか市,"9,331"
茨城県,222 鹿嶋市,"3,573"
茨城県,223 潮来市,"1,515"
茨城県,224 守谷市,"4,162"
茨城県,225 常陸大宮市,"2,100"
茨城県,226 那珂市,"2,929"
茨城県,227 筑西市,"5,705"
茨城県,228 坂東市,"3,113"
茨城県,229 稲敷市,"2,014"
茨城県,230 かすみがうら市,"2,372"
茨城県,231 桜川市,"2,304"
茨城県,232 神栖市,"5,652"
茨城県,233 行方市,"1,756"
茨城県,234 鉾田市,"2,437"
茨城県,235 つくばみらい市,"2,405"
茨城県,236 小美玉市,"2,925"
茨城県,302 茨城町,"1,680"
茨城県,309 大洗町,882
茨城県,310 城里町,971
茨城県,341 東海村,"2,546"
茨城県,364 大子町,697
茨城県,442 美浦村,847
茨城県,443 阿見町,"2,584"
茨城県,447 河内町,402
茨城県,521 八千代町,"1,304"
茨城県,542 五霞町,412
茨城県,546 境町,"1,421"
茨城県,564 利根町,723
栃木県,201 宇都宮市,"29,273"
栃木県,202 足利市,"7,925"
栃木県,203 栃木市,"7,549"
栃木県,204 佐野市,"6,187"
栃木県,205 鹿沼市,"5,420"
栃木県,206 日光市,"3,997"
栃木県,208 小山市,"9,236"
栃木県,209 真岡市,"4,713"
栃木県,210 大田原市,"3,938"
栃木県,211 矢板市,"1,859"
栃木県,213 那須塩原市,"6,716"
栃木県,214 さくら市,"2,655"
栃木県,215 那須烏山市,"1,334"
栃木県,216 下野市,"3,498"
栃木県,301 上三川町,"2,103"
栃木県,342 益子町,"1,278"
栃木県,343 茂木町,608
栃木県,344 市貝町,616
栃木県,345 芳賀町,935
栃木県,361 壬生町,"2,189"
栃木県,364 野木町,"1,239"
栃木県,367 岩舟町,812
栃木県,384 塩谷町,545
栃木県,386 高根沢町,"1,598"
栃木県,407 那須町,"1,183"
栃木県,411 那珂川町,729
群馬県,201 前橋市,"18,301"
群馬県,202 高崎市,"20,785"
群馬県,203 桐生市,"5,529"
群馬県,204 伊勢崎市,"12,663"
群馬県,205 太田市,"13,676"
群馬県,206 沼田市,"2,741"
群馬県,207 館林市,"4,344"
群馬県,208 渋川市,"3,945"
群馬県,209 藤岡市,"3,670"
群馬県,210 富岡市,"2,734"
群馬県,211 安中市,"2,959"
群馬県,212 みどり市,"3,061"
群馬県,344 榛東村,871
群馬県,345 吉岡町,"1,348"
群馬県,366 上野村,54
群馬県,367 神流町,44
群馬県,382 下仁田町,261
群馬県,383 南牧村,38
群馬県,384 甘楽町,674
群馬県,421 中之条町,791
群馬県,424 長野原町,309
群馬県,425 嬬恋村,477
群馬県,426 草津町,302
群馬県,428 高山村,204
群馬県,429 東吾妻町,633
群馬県,443 片品村,214
群馬県,444 川場村,196
群馬県,448 昭和村,426
群馬県,449 みなかみ町,864
群馬県,464 玉村町,"2,031"
群馬県,521 板倉町,755
群馬県,522 明和町,608
群馬県,523 千代田町,640
群馬県,524 大泉町,"2,054"
群馬県,525 邑楽町,"1,516"
埼玉県,101 さいたま市西区,"4,826"
埼玉県,102 さいたま市北区,"8,278"
埼玉県,103 さいたま市大宮区,"5,815"
埼玉県,104 さいたま市見沼区,"8,040"
埼玉県,105 さいたま市中央区,"5,189"
埼玉県,106 さいたま市桜区,"4,741"
埼玉県,107 さいたま市浦和区,"8,988"
埼玉県,108 さいたま市南区,"9,316"
埼玉県,109 さいたま市緑区,"6,746"
埼玉県,110 さいたま市岩槻区,"6,383"
埼玉県,201 川越市,"18,297"
埼玉県,202 熊谷市,"10,223"
埼玉県,203 川口市,"30,034"
埼玉県,206 行田市,"4,254"
埼玉県,207 秩父市,"3,408"
埼玉県,208 所沢市,"17,068"
埼玉県,209 飯能市,"3,795"
埼玉県,210 加須市,"5,881"
埼玉県,211 本庄市,"4,121"
埼玉県,212 東松山市,"4,410"
埼玉県,214 春日部市,"11,565"
埼玉県,215 狭山市,"7,793"
埼玉県,216 羽生市,"2,908"
埼玉県,217 鴻巣市,"6,007"
埼玉県,218 深谷市,"8,097"
埼玉県,219 上尾市,"12,238"
埼玉県,221 草加市,"13,412"
埼玉県,222 越谷市,"17,790"
埼玉県,223 蕨市,"2,902"
埼玉県,224 戸田市,"7,466"
埼玉県,225 入間市,"8,038"
埼玉県,227 朝霞市,"7,123"
埼玉県,228 志木市,"3,805"
埼玉県,229 和光市,"4,134"
埼玉県,230 新座市,"8,682"
埼玉県,231 桶川市,"3,937"
埼玉県,232 久喜市,"7,509"
埼玉県,233 北本市,"3,506"
埼玉県,234 八潮市,"4,571"
埼玉県,235 富士見市,"5,767"
埼玉県,237 三郷市,"6,783"
埼玉県,238 蓮田市,"3,061"
埼玉県,239 坂戸市,"5,568"
埼玉県,240 幸手市,"2,402"
埼玉県,241 鶴ヶ島市,"3,993"
埼玉県,242 日高市,"3,226"
埼玉県,243 吉川市,"4,382"
埼玉県,245 ふじみ野市,"5,976"
埼玉県,246 白岡市,"2,692"
埼玉県,301 伊奈町,"3,248"
埼玉県,324 三芳町,"2,318"
埼玉県,326 毛呂山町,"1,727"
埼玉県,327 越生町,565
埼玉県,341 滑川町,"1,197"
埼玉県,342 嵐山町,859
埼玉県,343 小川町,"1,291"
埼玉県,346 川島町,"1,061"
埼玉県,347 吉見町,888
埼玉県,348 鳩山町,579
埼玉県,349 ときがわ町,475
埼玉県,361 横瀬町,468
埼玉県,362 皆野町,484
埼玉県,363 長瀞町,395
埼玉県,365 小鹿野町,634
埼玉県,369 東秩父村,116
埼玉県,381 美里町,567
埼玉県,383 神川町,701
埼玉県,385 上里町,"1,944"
埼玉県,408 寄居町,"1,663"
埼玉県,442 宮代町,"1,477"
埼玉県,464 杉戸町,"2,401"
埼玉県,465 松伏町,"1,816"
千葉県,101 千葉市中央区,"9,278"
千葉県,102 千葉市花見川区,"8,973"
千葉県,103 千葉市稲毛区,"9,597"
千葉県,104 千葉市若葉区,"6,750"
千葉県,105 千葉市緑区,"8,211"
千葉県,106 千葉市美浜区,"9,154"
千葉県,202 銚子市,"2,732"
千葉県,203 市川市,"24,351"
千葉県,204 船橋市,"33,098"
千葉県,205 館山市,"2,268"
千葉県,206 木更津市,"7,556"
千葉県,207 松戸市,"24,561"
千葉県,208 野田市,"8,475"
千葉県,210 茂原市,"4,348"
千葉県,211 成田市,"7,368"
千葉県,212 佐倉市,"8,755"
千葉県,213 東金市,"2,923"
千葉県,215 旭市,"3,550"
千葉県,216 習志野市,"8,887"
千葉県,217 柏市,"21,443"
千葉県,218 勝浦市,661
千葉県,219 市原市,"14,395"
千葉県,220 流山市,"9,004"
千葉県,221 八千代市,"11,606"
千葉県,222 我孫子市,"7,153"
千葉県,223 鴨川市,"1,564"
千葉県,224 鎌ケ谷市,"5,688"
千葉県,225 君津市,"4,180"
千葉県,226 富津市,"1,948"
千葉県,227 浦安市,"10,564"
千葉県,228 四街道市,"4,939"
千葉県,229 袖ケ浦市,"3,381"
千葉県,230 八街市,"3,656"
千葉県,231 印西市,"5,381"
千葉県,232 白井市,"4,170"
千葉県,233 富里市,"2,458"
千葉県,234 南房総市,"1,650"
千葉県,235 匝瑳市,"1,794"
千葉県,236 香取市,"3,713"
千葉県,237 山武市,"2,401"
千葉県,238 いすみ市,"1,586"
千葉県,239 大網白里市,"2,487"
千葉県,322 酒々井町,"1,168"
千葉県,329 栄町,817
千葉県,342 神崎町,297
千葉県,347 多古町,600
千葉県,349 東庄町,706
千葉県,403 九十九里町,709
千葉県,409 芝山町,356
千葉県,410 横芝光町,"1,185"
千葉県,421 一宮町,630
千葉県,422 睦沢町,274
千葉県,423 長生村,709
千葉県,424 白子町,468
千葉県,426 長柄町,294
千葉県,427 長南町,324
千葉県,441 大多喜町,394
千葉県,443 御宿町,267
千葉県,463 鋸南町,289
東京都,101 千代田区,"4,305"
東京都,102 中央区,"4,914"
東京都,103 港区,"7,950"
東京都,104 新宿区,"8,798"
東京都,105 文京区,"9,861"
東京都,106 台東区,"6,338"
東京都,107 墨田区,"9,445"
東京都,108 江東区,"21,237"
東京都,109 品川区,"13,645"
東京都,110 目黒区,"9,287"
東京都,111 大田区,"28,800"
東京都,112 世田谷区,"36,330"
東京都,113 渋谷区,"7,397"
東京都,114 中野区,"9,393"
東京都,115 杉並区,"19,130"
東京都,116 豊島区,"8,539"
東京都,117 北区,"12,803"
東京都,118 荒川区,"8,188"
東京都,119 板橋区,"22,309"
東京都,120 練馬区,"33,562"
東京都,121 足立区,"31,264"
東京都,122 葛飾区,"20,009"
東京都,123 江戸川区,"35,949"
東京都,201 八王子市,"28,660"
東京都,202 立川市,"8,620"
東京都,203 武蔵野市,"6,737"
東京都,204 三鷹市,"8,289"
東京都,205 青梅市,"7,001"
東京都,206 府中市,"13,977"
東京都,207 昭島市,"5,827"
東京都,208 調布市,"10,993"
東京都,209 町田市,"24,773"
東京都,210 小金井市,"5,661"
東京都,211 小平市,"9,667"
東京都,212 日野市,"9,247"
東京都,213 東村山市,"7,490"
東京都,214 国分寺市,"5,894"
東京都,215 国立市,"4,642"
東京都,218 福生市,"2,542"
東京都,219 狛江市,"3,158"
東京都,220 東大和市,"4,481"
東京都,221 清瀬市,"4,181"
東京都,222 東久留米市,"5,816"
東京都,223 武蔵村山市,"4,571"
東京都,224 多摩市,"7,156"
東京都,225 稲城市,"5,289"
東京都,227 羽村市,"3,100"
東京都,228 あきる野市,"4,734"
東京都,229 西東京市,"9,260"
東京都,303 瑞穂町,"1,891"
東京都,305 日の出町,857
東京都,307 檜原村,66
東京都,308 奥多摩町,170
東京都,361 大島町,362
東京都,362 利島村,21
東京都,363 新島村,155
東京都,364 神津島村,124
東京都,381 三宅村,81
東京都,382 御蔵島村,12
東京都,401 八丈町,396
東京都,402 青ヶ島村,14
東京都,421 小笠原村,167
神奈川県,101 横浜市鶴見区,"13,936"
神奈川県,102 横浜市神奈川区,"10,257"
神奈川県,103 横浜市西区,"3,480"
神奈川県,104 横浜市中区,"5,941"
神奈川県,105 横浜市南区,"8,905"
神奈川県,106 横浜市保土ケ谷区,"9,534"
神奈川県,107 横浜市磯子区,"7,223"
神奈川県,108 横浜市金沢区,"10,903"
神奈川県,109 横浜市港北区,"15,722"
神奈川県,110 横浜市戸塚区,"14,789"
神奈川県,111 横浜市港南区,"10,895"
神奈川県,112 横浜市旭区,"12,658"
神奈川県,113 横浜市緑区,"11,066"
神奈川県,114 横浜市瀬谷区,"7,284"
神奈川県,115 横浜市栄区,"6,922"
神奈川県,116 横浜市泉区,"8,276"
神奈川県,117 横浜市青葉区,"18,102"
神奈川県,118 横浜市都筑区,"14,938"
神奈川県,131 川崎市川崎区,"10,061"
神奈川県,132 川崎市幸区,"7,318"
神奈川県,133 川崎市中原区,"11,757"
神奈川県,134川崎市 高津区,"11,925"
神奈川県,135 川崎市多摩区,"9,271"
神奈川県,136 川崎市宮前区,"12,063"
神奈川県,137 川崎市麻生区,"9,803"
神奈川県,151 相模原市緑区,"9,715"
神奈川県,152 相模原市中央区,"13,524"
神奈川県,153 相模原市南区,"13,784"
神奈川県,201 横須賀市,"20,802"
神奈川県,203 平塚市,"13,809"
神奈川県,204 鎌倉市,"9,900"
神奈川県,205 藤沢市,"24,189"
神奈川県,206 小田原市,"9,866"
神奈川県,207 茅ヶ崎市,"13,221"
神奈川県,208 逗子市,"2,867"
神奈川県,210 三浦市,"2,014"
神奈川県,211 秦野市,"8,457"
神奈川県,212 厚木市,"12,318"
神奈川県,213 大和市,"11,805"
神奈川県,214 伊勢原市,"5,297"
神奈川県,215 海老名市,"7,465"
神奈川県,216 座間市,"6,373"
神奈川県,217 南足柄市,"2,358"
神奈川県,218 綾瀬市,"4,916"
神奈川県,301 葉山町,"1,796"
神奈川県,321 寒川町,"2,686"
神奈川県,341 大磯町,"1,642"
神奈川県,342 二宮町,"1,379"
神奈川県,361 中井町,515
神奈川県,362 大井町,"1,142"
神奈川県,363 松田町,485
神奈川県,364 山北町,463
神奈川県,366 開成町,"1,112"
神奈川県,382 箱根町,620
神奈川県,383 真鶴町,262
神奈川県,384 湯河原町,"1,088"
神奈川県,401 愛川町,"2,234"
神奈川県,402 清川村,147
新潟県,101 新潟市北区,"4,019"
新潟県,102 新潟市東区,"7,090"
新潟県,103 新潟市中央区,"8,749"
新潟県,104 新潟市江南区,"3,834"
新潟県,105 新潟市秋葉区,"4,222"
新潟県,106 新潟市南区,"2,264"
新潟県,107 新潟市西区,"8,053"
新潟県,108 新潟市西蒲区,"2,901"
新潟県,202 長岡市,"14,742"
新潟県,204 三条市,"5,242"
新潟県,205 柏崎市,"4,339"
新潟県,206 新発田市,"4,968"
新潟県,208 小千谷市,"1,906"
新潟県,209 加茂市,"1,317"
新潟県,210 十日町市,"2,808"
新潟県,211 見附市,"2,066"
新潟県,212 村上市,"3,042"
新潟県,213 燕市,"4,245"
新潟県,216 糸魚川市,"2,141"
新潟県,217 妙高市,"1,675"
新潟県,218 五泉市,"2,641"
新潟県,222 上越市,"10,822"
新潟県,223 阿賀野市,"2,249"
新潟県,224 佐渡市,"2,580"
新潟県,225 魚沼市,"1,977"
新潟県,226 南魚沼市,"3,133"
新潟県,227 胎内市,"1,477"
新潟県,307 聖籠町,839
新潟県,342 弥彦村,506
新潟県,361 田上町,578
新潟県,385 阿賀町,485
新潟県,405 出雲崎町,192
新潟県,461 湯沢町,350
新潟県,482 津南町,442
新潟県,504 刈羽村,252
新潟県,581 関川村,271
新潟県,586 粟島浦村,8
富山県,201 富山市,"22,462"
富山県,202 高岡市,"8,536"
富山県,204 魚津市,"2,212"
富山県,205 氷見市,"2,311"
富山県,206 滑川市,"1,917"
富山県,207 黒部市,"2,226"
富山県,208 砺波市,"2,913"
富山県,209 小矢部市,"1,511"
富山県,210 南砺市,"2,513"
富山県,211 射水市,"5,451"
富山県,321 舟橋村,263
富山県,322 上市町,"1,083"
富山県,323 立山町,"1,527"
富山県,342 入善町,"1,232"
富山県,343 朝日町,527
石川県,201 金沢市,"24,559"
石川県,202 七尾市,"2,652"
石川県,203 小松市,"6,310"
石川県,204 輪島市,"1,101"
石川県,205 珠洲市,535
石川県,206 加賀市,"3,451"
石川県,207 羽咋市,"1,030"
石川県,209 かほく市,"2,086"
石川県,210 白山市,"6,820"
石川県,211 能美市,"3,306"
石川県,212 野々市市,"2,933"
石川県,324 川北町,569
石川県,361 津幡町,"2,357"
石川県,365 内灘町,"1,622"
石川県,384 志賀町,950
石川県,386 宝達志水町,696
石川県,407 中能登町,988
石川県,461 穴水町,337
石川県,463 能登町,652
福井県,201 福井市,"14,711"
福井県,202 敦賀市,"3,847"
福井県,204 小浜市,"1,639"
福井県,205 大野市,"1,678"
福井県,206 勝山市,"1,181"
福井県,207 鯖江市,"4,334"
福井県,208 あわら市,"1,419"
福井県,209 越前市,"4,740"
福井県,210 坂井市,"5,521"
福井県,322 永平寺町,"1,080"
福井県,382 池田町,89
福井県,404 南越前町,594
福井県,423 越前町,"1,235"
福井県,442 美浜町,456
福井県,481 高浜町,624
福井県,483 おおい町,463
福井県,501 若狭町,846
山梨県,201 甲府市,"10,336"
山梨県,202 富士吉田市,"2,728"
山梨県,204 都留市,"1,666"
山梨県,205 山梨市,"1,901"
山梨県,206 大月市,"1,098"
山梨県,207 韮崎市,"1,642"
山梨県,208 南アルプス市,"4,712"
山梨県,209 北杜市,"2,200"
山梨県,210 甲斐市,"4,205"
山梨県,211 笛吹市,"3,781"
山梨県,212 上野原市,"1,089"
山梨県,213 甲州市,"1,825"
山梨県,214 中央市,"1,730"
山梨県,346 市川三郷町,830
山梨県,364 早川町,47
山梨県,365 身延町,418
山梨県,366 南部町,361
山梨県,368 富士川町,771
山梨県,384 昭和町,"1,100"
山梨県,422 道志村,87
山梨県,423 西桂町,275
山梨県,424 忍野村,533
山梨県,425 山中湖村,289
山梨県,429 鳴沢村,161
山梨県,430 富士河口湖町,"1,468"
山梨県,442 小菅村,25
山梨県,443 丹波山村,14
長野県,201 長野市,"21,469"
長野県,202 松本市,"13,776"
長野県,203 上田市,"8,868"
長野県,204 岡谷市,"2,833"
長野県,205 飯田市,"5,874"
長野県,206 諏訪市,"2,707"
長野県,207 須坂市,"2,881"
長野県,208 小諸市,"2,315"
長野県,209 伊那市,"4,061"
長野県,210 駒ヶ根市,"1,945"
長野県,211 中野市,"2,569"
長野県,212 大町市,"1,397"
長野県,213 飯山市,"1,121"
長野県,214 茅野市,"3,306"
長野県,215 塩尻市,"3,621"
長野県,217 佐久市,"5,531"
長野県,218 千曲市,"3,343"
長野県,219 東御市,"1,719"
長野県,220 安曇野市,"5,487"
長野県,303 小海町,213
長野県,304 川上村,213
長野県,305 南牧村,180
長野県,306 南相木村,57
長野県,307 北相木村,43
長野県,309 佐久穂町,519
長野県,321 軽井沢町,985
長野県,323 御代田町,988
長野県,324 立科町,380
長野県,349 青木村,229
長野県,350 長和町,280
長野県,361 下諏訪町,"1,050"
長野県,362 富士見町,767
長野県,363 原村,435
長野県,382 辰野町,"1,172"
長野県,383 箕輪町,"1,536"
長野県,384 飯島町,479
長野県,385 南箕輪村,915
長野県,386 中川村,266
長野県,388 宮田村,582
長野県,402 松川町,768
長野県,403 高森町,872
長野県,404 阿南町,212
長野県,407 阿智村,390
長野県,409 平谷村,21
長野県,410 根羽村,38
長野県,411 下條村,274
長野県,412 売木村,29
長野県,413 天龍村,35
長野県,414 泰阜村,84
長野県,415 喬木村,406
長野県,416 豊丘村,392
長野県,417 大鹿村,43
長野県,422 上松町,185
長野県,423 南木曽町,197
長野県,425 木祖村,128
長野県,429 王滝村,30
長野県,430 大桑村,186
長野県,432 木曽町,528
長野県,446 麻績村,114
長野県,448 生坂村,68
長野県,450 山形村,560
長野県,451 朝日村,232
長野県,452 筑北村,174
長野県,481 池田町,495
長野県,482 松川村,568
長野県,485 白馬村,453
長野県,486 小谷村,143
長野県,521 坂城町,818
長野県,541 小布施町,641
長野県,543 高山村,416
長野県,561 山ノ内町,569
長野県,562 木島平村,265
長野県,563 野沢温泉村,173
長野県,583 信濃町,401
長野県,588 小川村,120
長野県,590 飯綱町,517
長野県,602 栄村,81
岐阜県,201 岐阜市,"22,729"
岐阜県,202 大垣市,"9,033"
岐阜県,203 高山市,"5,164"
岐阜県,204 多治見市,"5,940"
岐阜県,205 関市,"5,185"
岐阜県,206 中津川市,"4,432"
岐阜県,207 美濃市,"1,000"
岐阜県,208 瑞浪市,"1,976"
岐阜県,209 羽島市,"4,035"
岐阜県,210 恵那市,"2,773"
岐阜県,211 美濃加茂市,"3,367"
岐阜県,212 土岐市,"3,057"
岐阜県,213 各務原市,"8,618"
岐阜県,214 可児市,"5,773"
岐阜県,215 山県市,"1,482"
岐阜県,216 瑞穂市,"3,331"
岐阜県,217 飛騨市,"1,301"
岐阜県,218 本巣市,"2,270"
岐阜県,219 郡上市,"2,316"
岐阜県,220 下呂市,"1,686"
岐阜県,221 海津市,"1,911"
岐阜県,302 岐南町,"1,401"
岐阜県,303 笠松町,"1,289"
岐阜県,341 養老町,"1,688"
岐阜県,361 垂井町,"1,699"
岐阜県,362 関ケ原町,345
岐阜県,381 神戸町,"1,167"
岐阜県,382 輪之内町,625
岐阜県,383 安八町,996
岐阜県,401 揖斐川町,997
岐阜県,403 大野町,"1,591"
岐阜県,404 池田町,"1,691"
岐阜県,421 北方町,"1,125"
岐阜県,501 坂祝町,410
岐阜県,502 富加町,292
岐阜県,503 川辺町,550
岐阜県,504 七宗町,173
岐阜県,505 八百津町,555
岐阜県,506 白川町,394
岐阜県,507 東白川村,125
岐阜県,521 御嵩町,972
岐阜県,604 白川村,104
静岡県,101 静岡市葵区,"13,502"
静岡県,102 静岡市駿河区,"10,359"
静岡県,103 静岡市清水区,"12,228"
静岡県,131 浜松市中区,"12,788"
静岡県,132 浜松市東区,"7,499"
静岡県,133 浜松市西区,"6,925"
静岡県,134 浜松市南区,"5,490"
静岡県,135 浜松市北区,"5,083"
静岡県,136 浜松市浜北区,"5,840"
静岡県,137 浜松市天竜区,"1,111"
静岡県,203 沼津市,"10,317"
静岡県,205 熱海市,"1,182"
静岡県,206 三島市,"6,031"
静岡県,207 富士宮市,"7,578"
静岡県,208 伊東市,"3,152"
静岡県,209 島田市,"5,414"
静岡県,210 富士市,"14,642"
静岡県,211 磐田市,"9,359"
静岡県,212 焼津市,"7,839"
静岡県,213 掛川市,"6,497"
静岡県,214 藤枝市,"7,872"
静岡県,215 御殿場市,"5,474"
静岡県,216 袋井市,"5,211"
静岡県,219 下田市,970
静岡県,220 裾野市,"3,040"
静岡県,221 湖西市,"3,419"
静岡県,222 伊豆市,"1,390"
静岡県,223 御前崎市,"1,861"
静岡県,224 菊川市,"2,630"
静岡県,225 伊豆の国市,"2,590"
静岡県,226 牧之原市,"2,412"
静岡県,301 東伊豆町,534
静岡県,302 河津町,372
静岡県,304 南伊豆町,395
静岡県,305 松崎町,294
静岡県,306 西伊豆町,349
静岡県,325 函南町,"1,997"
静岡県,341 清水町,"1,941"
静岡県,342 長泉町,"2,631"
静岡県,344 小山町,"1,043"
静岡県,424 吉田町,"1,801"
静岡県,429 川根本町,219
静岡県,461 森町,994
愛知県,101 名古屋市千種区,"7,321"
愛知県,102 名古屋市東区,"3,596"
愛知県,103 名古屋市北区,"7,308"
愛知県,104 名古屋市西区,"6,745"
愛知県,105 名古屋市中村区,"4,933"
愛知県,106 名古屋市中区,"2,037"
愛知県,107 名古屋市昭和区,"4,899"
愛知県,108 名古屋市瑞穂区,"5,006"
愛知県,109 名古屋市熱田区,"2,618"
愛知県,110 名古屋市中川区,"11,375"
愛知県,111 名古屋市港区,"7,915"
愛知県,112 名古屋市南区,"6,061"
愛知県,113 名古屋市守山区,"10,255"
愛知県,114 名古屋市緑区,"15,203"
愛知県,115 名古屋市名東区,"9,370"
愛知県,116 名古屋市天白区,"8,385"
愛知県,201 豊橋市,"21,570"
愛知県,202 岡崎市,"22,479"
愛知県,203 一宮市,"22,728"
愛知県,204 瀬戸市,"7,160"
愛知県,205 半田市,"7,122"
愛知県,206 春日井市,"18,148"
愛知県,207 豊川市,"10,809"
愛知県,208 津島市,"3,662"
愛知県,209 碧南市,"4,400"
愛知県,210 刈谷市,"8,428"
愛知県,211 豊田市,"24,759"
愛知県,212 安城市,"11,567"
愛知県,213 西尾市,"9,852"
愛知県,214 蒲郡市,"4,253"
愛知県,215 犬山市,"4,336"
愛知県,216 常滑市,"3,239"
愛知県,217 江南市,"5,946"
愛知県,219 小牧市,"8,928"
愛知県,220 稲沢市,"7,648"
愛知県,221 新城市,"2,494"
愛知県,222 東海市,"6,981"
愛知県,223 大府市,"5,494"
愛知県,224 知多市,"5,051"
愛知県,225 知立市,"4,087"
愛知県,226 尾張旭市,"5,019"
愛知県,227 高浜市,"3,040"
愛知県,228 岩倉市,"2,471"
愛知県,229 豊明市,"3,830"
愛知県,230 日進市,"5,640"
愛知県,231 田原市,"3,481"
愛知県,232 愛西市,"3,814"
愛知県,233 清須市,"3,665"
愛知県,234 北名古屋市,"5,038"
愛知県,235 弥富市,"2,554"
愛知県,236 みよし市,"4,361"
愛知県,237 あま市,"5,369"
愛知県,238 長久手市,"3,704"
愛知県,302 東郷町,"2,987"
愛知県,342 豊山町,918
愛知県,361 大口町,"1,431"
愛知県,362 扶桑町,"1,986"
愛知県,424 大治町,"2,074"
愛知県,425 蟹江町,"1,921"
愛知県,427 飛島村,255
愛知県,441 阿久比町,"1,449"
愛知県,442 東浦町,"2,970"
愛知県,445 南知多町,828
愛知県,446 美浜町,"1,252"
愛知県,447 武豊町,"2,670"
愛知県,501 幸田町,"2,591"
愛知県,561 設楽町,179
愛知県,562 東栄町,118
愛知県,563 豊根村,65
三重県,201 津市,"15,191"
三重県,202 四日市市,"17,727"
三重県,203 伊勢市,"6,848"
三重県,204 松阪市,"8,976"
三重県,205 桑名市,"8,295"
三重県,207 鈴鹿市,"12,049"
三重県,208 名張市,"4,260"
三重県,209 尾鷲市,802
三重県,210 亀山市,"2,812"
三重県,211 鳥羽市,972
三重県,212 熊野市,796
三重県,214 いなべ市,"2,519"
三重県,215 志摩市,"2,347"
三重県,216 伊賀市,"4,633"
三重県,303 木曽岬町,301
三重県,324 東員町,"1,403"
三重県,341 菰野町,"2,426"
三重県,343 朝日町,932
三重県,344 川越町,883
三重県,441 多気町,844
三重県,442 明和町,"1,329"
三重県,443 大台町,460
三重県,461 玉城町,"1,004"
三重県,470 度会町,443
三重県,471 大紀町,358
三重県,472 南伊勢町,439
三重県,543 紀北町,773
三重県,561 御浜町,478
三重県,562 紀宝町,603
滋賀県,201 大津市,"19,955"
滋賀県,202 彦根市,"6,585"
滋賀県,203 長浜市,"7,231"
滋賀県,204 近江八幡市,"4,728"
滋賀県,206 草津市,"7,495"
滋賀県,207 守山市,"5,660"
滋賀県,208 栗東市,"4,962"
滋賀県,209 甲賀市,"5,396"
滋賀県,210 野洲市,"3,035"
滋賀県,211 湖南市,"3,108"
滋賀県,212 高島市,"2,550"
滋賀県,213 東近江市,"6,848"
滋賀県,214 米原市,"2,261"
滋賀県,383 日野町,"1,208"
滋賀県,384 竜王町,659
滋賀県,425 愛荘町,"1,394"
滋賀県,441 豊郷町,450
滋賀県,442 甲良町,422
滋賀県,443 多賀町,427
京都府,101 京都市北区,"6,019"
京都府,102 京都市上京区,"2,847"
京都府,103 京都市左京区,"8,013"
京都府,104 京都市中京区,"4,254"
京都府,105 京都市東山区,"1,563"
京都府,106 京都市下京区,"2,669"
京都府,107 京都市南区,"4,287"
京都府,108 京都市右京区,"9,633"
京都府,109 京都市伏見区,"14,861"
京都府,110 京都市山科区,"6,388"
京都府,111 京都市西京区,"8,293"
京都府,201 福知山市,"4,512"
京都府,202 舞鶴市,"4,867"
京都府,203 綾部市,"1,756"
京都府,204 宇治市,"10,775"
京都府,205 宮津市,858
京都府,206 亀岡市,"5,055"
京都府,207 城陽市,"3,947"
京都府,208 向日市,"3,124"
京都府,209 長岡京市,"4,525"
京都府,210 八幡市,"3,898"
京都府,211 京田辺市,"4,260"
京都府,212 京丹後市,"3,057"
京都府,213 南丹市,"1,529"
京都府,214 木津川市,"5,312"
京都府,303 大山崎町,893
京都府,322 久御山町,907
京都府,343 井手町,359
京都府,344 宇治田原町,549
京都府,364 笠置町,35
京都府,365 和束町,176
京都府,366 精華町,"2,588"
京都府,367 南山城村,83
京都府,407 京丹波町,665
京都府,463 伊根町,60
京都府,465 与謝野町,"1,187"
大阪府,102 大阪市都島区,"4,546"
大阪府,103 大阪市福島区,"3,009"
大阪府,104 大阪市此花区,"2,990"
大阪府,106 大阪市西区,"3,328"
大阪府,107 大阪市港区,"3,698"
大阪府,108 大阪市大正区,"3,304"
大阪府,109 大阪市天王寺区,"3,204"
大阪府,111 大阪市浪速区,"1,143"
大阪府,113 大阪市西淀川区,"5,398"
大阪府,114 大阪市東淀川区,"7,163"
大阪府,115 大阪市東成区,"3,586"
大阪府,116 大阪市生野区,"4,874"
大阪府,117 大阪市旭区,"3,842"
大阪府,118 大阪市城東区,"8,485"
大阪府,119 大阪市阿倍野区,"5,762"
大阪府,120 大阪市住吉区,"7,765"
大阪府,121 大阪市東住吉区,"6,403"
大阪府,122 大阪市西成区,"3,243"
大阪府,123 大阪市淀川区,"6,829"
大阪府,124 大阪市鶴見区,"6,858"
大阪府,125 大阪市住之江区,"5,689"
大阪府,126 大阪市平野区,"10,919"
大阪府,127 大阪市北区,"3,293"
大阪府,128 大阪市中央区,"3,745"
大阪府,141 堺市堺区,"7,323"
大阪府,142 堺市中区,"7,422"
大阪府,143 堺市東区,"5,111"
大阪府,144 堺市西区,"8,417"
大阪府,145 堺市南区,"8,452"
大阪府,146 堺市北区,"9,504"
大阪府,147 堺市美原区,"1,703"
大阪府,202 岸和田市,"11,692"
大阪府,203 豊中市,"21,338"
大阪府,204 池田市,"5,943"
大阪府,205 吹田市,"20,372"
大阪府,206 泉大津市,"4,805"
大阪府,207 高槻市,"19,373"
大阪府,208 貝塚市,"5,924"
大阪府,209 守口市,"6,825"
大阪府,210 枚方市,"23,316"
大阪府,211 茨木市,"16,586"
大阪府,212 八尾市,"14,493"
大阪府,213 泉佐野市,"5,734"
大阪府,214 富田林市,"5,977"
大阪府,215 寝屋川市,"12,571"
大阪府,216 河内長野市,"5,338"
大阪府,217 松原市,"6,427"
大阪府,218 大東市,"7,332"
大阪府,219 和泉市,"11,828"
大阪府,220 箕面市,"7,794"
大阪府,221 柏原市,"3,706"
大阪府,222 羽曳野市,"6,428"
大阪府,223 門真市,"6,317"
大阪府,224 摂津市,"4,576"
大阪府,225 高石市,"3,408"
大阪府,226 藤井寺市,"3,782"
大阪府,227 東大阪市,"25,245"
大阪府,228 泉南市,"4,087"
大阪府,229 四條畷市,"3,590"
大阪府,230 交野市,"4,647"
大阪府,231 大阪狭山市,"3,302"
大阪府,232 阪南市,"3,125"
大阪府,301 島本町,"1,727"
大阪府,321 豊能町,818
大阪府,322 能勢町,426
大阪府,341 忠岡町,"1,117"
大阪府,361 熊取町,"2,790"
大阪府,362 田尻町,545
大阪府,366 岬町,767
大阪府,381 太子町,917
大阪府,382 河南町,812
大阪府,383 千早赤阪村,226
兵庫県,101 神戸市東灘区,"12,152"
兵庫県,102 神戸市灘区,"6,193"
兵庫県,105 神戸市兵庫区,"4,047"
兵庫県,106 神戸市長田区,"3,748"
兵庫県,107 神戸市須磨区,"8,342"
兵庫県,108 神戸市垂水区,"11,527"
兵庫県,109 神戸市北区,"12,712"
兵庫県,110 神戸市中央区,"5,333"
兵庫県,111 神戸市西区,"14,683"
兵庫県,201 姫路市,"31,391"
兵庫県,202 尼崎市,"22,300"
兵庫県,203 明石市,"16,317"
兵庫県,204 西宮市,"29,123"
兵庫県,205 洲本市,"2,288"
兵庫県,206 芦屋市,"4,725"
兵庫県,207 伊丹市,"11,293"
兵庫県,208 相生市,"1,345"
兵庫県,209 豊岡市,"4,560"
兵庫県,210 加古川市,"15,326"
兵庫県,212 赤穂市,"2,651"
兵庫県,213 西脇市,"2,228"
兵庫県,214 宝塚市,"14,709"
兵庫県,215 三木市,"4,034"
兵庫県,216 高砂市,"5,208"
兵庫県,217 川西市,"8,662"
兵庫県,218 小野市,"2,992"
兵庫県,219 三田市,"6,055"
兵庫県,220 加西市,"2,295"
兵庫県,221 篠山市,"2,089"
兵庫県,222 養父市,"1,256"
兵庫県,223 丹波市,"3,662"
兵庫県,224 南あわじ市,"2,623"
兵庫県,225 朝来市,"1,625"
兵庫県,226 淡路市,"2,117"
兵庫県,227 宍粟市,"2,204"
兵庫県,228 加東市,"2,516"
兵庫県,229 たつの市,"4,487"
兵庫県,301 猪名川町,"2,218"
兵庫県,365 多可町,"1,264"
兵庫県,381 稲美町,"1,723"
兵庫県,382 播磨町,"1,957"
兵庫県,442 市川町,582
兵庫県,443 福崎町,"1,140"
兵庫県,446 神河町,633
兵庫県,464 太子町,"2,423"
兵庫県,481 上郡町,782
兵庫県,501 佐用町,819
兵庫県,585 香美町,934
兵庫県,586 新温泉町,759
奈良県,201 奈良市,"19,510"
奈良県,202 大和高田市,"3,106"
奈良県,203 大和郡山市,"4,464"
奈良県,204 天理市,"3,556"
奈良県,205 橿原市,"6,660"
奈良県,206 桜井市,"2,983"
奈良県,207 五條市,"1,446"
奈良県,208 御所市,"1,073"
奈良県,209 生駒市,"7,283"
奈良県,210 香芝市,"6,024"
奈良県,211 葛城市,"2,214"
奈良県,212 宇陀市,"1,403"
奈良県,322 山添村,138
奈良県,342 平群町,971
奈良県,343 三郷町,"1,199"
奈良県,344 斑鳩町,"1,533"
奈良県,345 安堵町,278
奈良県,361 川西町,429
奈良県,362 三宅町,310
奈良県,363 田原本町,"1,766"
奈良県,385 曽爾村,42
奈良県,386 御杖村,48
奈良県,401 高取町,319
奈良県,402 明日香村,227
奈良県,424 上牧町,"1,298"
奈良県,425 王寺町,"1,140"
奈良県,426 広陵町,"2,279"
奈良県,427 河合町,842
奈良県,441 吉野町,219
奈良県,442 大淀町,"1,009"
奈良県,443 下市町,201
奈良県,444 黒滝村,11
奈良県,446 天川村,58
奈良県,447 野迫川村,17
奈良県,449 十津川村,132
奈良県,450 下北山村,41
奈良県,451 上北山村,10
奈良県,452 川上村,27
奈良県,453 東吉野村,59
和歌山県,201 和歌山市,"19,014"
和歌山県,202 海南市,"2,475"
和歌山県,203 橋本市,"3,533"
和歌山県,204 有田市,"1,591"
和歌山県,205 御坊市,"1,318"
和歌山県,206 田辺市,"4,052"
和歌山県,207 新宮市,"1,494"
和歌山県,208 紀の川市,"3,268"
和歌山県,209 岩出市,"3,497"
和歌山県,304 紀美野町,335
和歌山県,341 かつらぎ町,782
和歌山県,343 九度山町,196
和歌山県,344 高野町,98
和歌山県,361 湯浅町,652
和歌山県,362 広川町,402
和歌山県,366 有田川町,"1,402"
和歌山県,381 美浜町,354
和歌山県,382 日高町,475
和歌山県,383 由良町,278
和歌山県,390 印南町,451
和歌山県,391 みなべ町,847
和歌山県,392 日高川町,558
和歌山県,401 白浜町,"1,008"
和歌山県,404 上富田町,829
和歌山県,406 すさみ町,166
和歌山県,421 那智勝浦町,709
和歌山県,422 太地町,130
和歌山県,424 古座川町,99
和歌山県,427 北山村,13
和歌山県,428 串本町,636
鳥取県,201 鳥取市,"10,786"
鳥取県,202 米子市,"8,317"
鳥取県,203 倉吉市,"2,528"
鳥取県,204 境港市,"1,808"
鳥取県,302 岩美町,592
鳥取県,325 若桜町,109
鳥取県,328 智頭町,279
鳥取県,329 八頭町,939
鳥取県,364 三朝町,348
鳥取県,370 湯梨浜町,978
鳥取県,371 琴浦町,950
鳥取県,372 北栄町,831
鳥取県,384 日吉津村,220
鳥取県,386 大山町,819
鳥取県,389 南部町,643
鳥取県,390 伯耆町,534
鳥取県,401 日南町,169
鳥取県,402 日野町,130
鳥取県,403 江府町,129
島根県,201 松江市,"11,137"
島根県,202 浜田市,"2,834"
島根県,203 出雲市,"9,822"
島根県,204 益田市,"2,529"
島根県,205 大田市,"1,770"
島根県,206 安来市,"2,157"
島根県,207 江津市,"1,190"
島根県,209 雲南市,"2,028"
島根県,343 奥出雲町,592
島根県,386 飯南町,229
島根県,441 川本町,139
島根県,448 美郷町,231
島根県,449 邑南町,499
島根県,501 津和野町,258
島根県,505 吉賀町,267
島根県,525 海士町,86
島根県,526 西ノ島町,97
島根県,527 知夫村,26
島根県,528 隠岐の島町,691
岡山県,101 岡山市北区,"15,992"
岡山県,102 岡山市中区,"8,585"
岡山県,103 岡山市東区,"5,432"
岡山県,104 岡山市南区,"9,936"
岡山県,202 倉敷市,"27,909"
岡山県,203 津山市,"6,137"
岡山県,204 玉野市,"2,785"
岡山県,205 笠岡市,"2,321"
岡山県,207 井原市,"2,108"
岡山県,208 総社市,"3,954"
岡山県,209 高梁市,"1,386"
岡山県,210 新見市,"1,550"
岡山県,211 備前市,"1,602"
岡山県,212 瀬戸内市,"1,923"
岡山県,213 赤磐市,"2,493"
岡山県,214 真庭市,"2,422"
岡山県,215 美作市,"1,379"
岡山県,216 浅口市,"1,778"
岡山県,346 和気町,724
岡山県,423 早島町,745
岡山県,445 里庄町,612
岡山県,461 矢掛町,687
岡山県,586 新庄村,42
岡山県,606 鏡野町,649
岡山県,622 勝央町,597
岡山県,623 奈義町,290
岡山県,643 西粟倉村,70
岡山県,663 久米南町,231
岡山県,666 美咲町,763
岡山県,681 吉備中央町,515
広島県,101 広島市中区,"6,156"
広島県,102 広島市東区,"6,444"
広島県,103 広島市南区,"7,826"
広島県,104 広島市西区,"9,832"
広島県,105 広島市安佐南区,"16,711"
広島県,106 広島市安佐北区,"7,863"
広島県,107 広島市安芸区,"4,532"
広島県,108 広島市佐伯区,"8,194"
広島県,202 呉市,"11,141"
広島県,203 竹原市,"1,250"
広島県,204 三原市,"5,012"
広島県,205 尾道市,"6,827"
広島県,207 福山市,"26,419"
広島県,208 府中市,"2,044"
広島県,209 三次市,"2,888"
広島県,210 庄原市,"1,734"
広島県,211 大竹市,"1,255"
広島県,212 東広島市,"10,762"
広島県,213 廿日市市,"6,147"
広島県,214 安芸高田市,"1,458"
広島県,215 江田島市,914
広島県,302 府中町,"2,865"
広島県,304 海田町,"1,717"
広島県,307 熊野町,"1,361"
広島県,309 坂町,792
広島県,368 安芸太田町,233
広島県,369 北広島町,963
広島県,431 大崎上島町,251
広島県,462 世羅町,801
広島県,545 神石高原町,370
山口県,201 下関市,"13,095"
山口県,202 宇部市,"8,548"
山口県,203 山口市,"10,913"
山口県,204 萩市,"2,176"
山口県,206 防府市,"6,257"
山口県,207 下松市,"3,167"
山口県,208 岩国市,"7,247"
山口県,210 光市,"2,955"
山口県,211 長門市,"1,562"
山口県,212 柳井市,"1,593"
山口県,213 美祢市,"1,174"
山口県,215 周南市,"7,764"
山口県,216 山陽小野田市,"3,487"
山口県,305 周防大島町,528
山口県,321 和木町,399
山口県,341 上関町,73
山口県,343 田布施町,876
山口県,344 平生町,605
山口県,502 阿武町,122
徳島県,201 徳島市,"13,250"
徳島県,202 鳴門市,"2,881"
徳島県,203 小松島市,"1,903"
徳島県,204 阿南市,"4,128"
徳島県,205 吉野川市,"2,003"
徳島県,206 阿波市,"1,927"
徳島県,207 美馬市,"1,432"
徳島県,208 三好市,"1,043"
徳島県,301 勝浦町,232
徳島県,302 上勝町,61
徳島県,321 佐那河内村,95
徳島県,341 石井町,"1,385"
徳島県,342 神山町,129
徳島県,368 那賀町,345
徳島県,383 牟岐町,149
徳島県,387 美波町,284
徳島県,388 海陽町,430
徳島県,401 松茂町,893
徳島県,402 北島町,"1,319"
徳島県,403 藍住町,"2,119"
徳島県,404 板野町,695
徳島県,405 上板町,674
徳島県,468 つるぎ町,386
徳島県,489 東みよし町,700
香川県,201 高松市,"24,473"
香川県,202 丸亀市,"6,564"
香川県,203 坂出市,"2,954"
香川県,204 善通寺市,"1,696"
香川県,205 観音寺市,"3,129"
香川県,206 さぬき市,"2,525"
香川県,207 東かがわ市,"1,439"
香川県,208 三豊市,"3,466"
香川県,322 土庄町,572
香川県,324 小豆島町,606
香川県,341 三木町,"1,543"
香川県,364 直島町,118
香川県,386 宇多津町,"1,178"
香川県,387 綾川町,"1,255"
香川県,403 琴平町,416
香川県,404 多度津町,"1,275"
香川県,406 まんのう町,907
愛媛県,201 松山市,"27,712"
愛媛県,202 今治市,"8,129"
愛媛県,203 宇和島市,"3,876"
愛媛県,204 八幡浜市,"1,613"
愛媛県,205 新居浜市,"6,519"
愛媛県,206 西条市,"6,029"
愛媛県,207 大洲市,"2,319"
愛媛県,210 伊予市,"1,985"
愛媛県,213 四国中央市,"4,596"
愛媛県,214 西予市,"1,837"
愛媛県,215 東温市,"1,879"
愛媛県,356 上島町,260
愛媛県,386 久万高原町,367
愛媛県,401 松前町,"1,728"
愛媛県,402 砥部町,"1,214"
愛媛県,422 内子町,898
愛媛県,442 伊方町,368
愛媛県,484 松野町,187
愛媛県,488 鬼北町,560
愛媛県,506 愛南町,"1,060"
高知県,201 高知市,"18,088"
高知県,202 室戸市,470
高知県,203 安芸市,829
高知県,204 南国市,"2,552"
高知県,205 土佐市,"1,375"
高知県,206 須崎市,951
高知県,208 宿毛市,"1,028"
高知県,209 土佐清水市,587
高知県,210 四万十市,"1,764"
高知県,211 香南市,"1,945"
高知県,212 香美市,"1,132"
高知県,301 東洋町,83
高知県,302 奈半利町,130
高知県,303 田野町,111
高知県,304 安田町,85
高知県,305 北川村,64
高知県,306 馬路村,30
高知県,307 芸西村,187
高知県,341 本山町,135
高知県,344 大豊町,78
高知県,363 土佐町,150
高知県,364 大川村,16
高知県,386 いの町,"1,086"
高知県,387 仁淀川町,178
高知県,401 中土佐町,288
高知県,402 佐川町,640
高知県,403 越知町,228
高知県,405 檮原町,147
高知県,410 日高村,270
高知県,411 津野町,276
高知県,412 四万十町,823
高知県,424 大月町,220
高知県,427 三原村,67
高知県,428 黒潮町,513
福岡県,101 北九州市門司区,"5,112"
福岡県,103 北九州市若松区,"4,115"
福岡県,105 北九州市戸畑区,"3,491"
福岡県,106 北九州市小倉北区,"8,002"
福岡県,107 北九州市小倉南区,"12,085"
福岡県,108 北九州市八幡東区,"3,132"
福岡県,109 北九州市八幡西区,"14,527"
福岡県,131 福岡市東区,"16,562"
福岡県,132 福岡市博多区,"8,314"
福岡県,133 福岡市中央区,"7,631"
福岡県,134 福岡市南区,"13,605"
福岡県,135 福岡市西区,"12,060"
福岡県,136 福岡市城南区,"6,431"
福岡県,137 福岡市早良区,"13,152"
福岡県,202 大牟田市,"5,533"
福岡県,203 久留米市,"17,001"
福岡県,204 直方市,"2,905"
福岡県,205 飯塚市,"6,626"
福岡県,206 田川市,"2,568"
福岡県,207 柳川市,"3,534"
福岡県,210 八女市,"3,290"
福岡県,211 筑後市,"2,858"
福岡県,212 大川市,"1,705"
福岡県,213 行橋市,"3,946"
福岡県,214 豊前市,"1,367"
福岡県,215 中間市,"1,960"
福岡県,216 小郡市,"3,847"
福岡県,217 筑紫野市,"6,048"
福岡県,218 春日市,"7,337"
福岡県,219 大野城市,"6,019"
福岡県,220 宗像市,"5,287"
福岡県,221 太宰府市,"4,155"
福岡県,223 古賀市,"3,324"
福岡県,224 福津市,"2,971"
福岡県,225 うきは市,"1,655"
福岡県,226 宮若市,"1,532"
福岡県,227 嘉麻市,"1,973"
福岡県,228 朝倉市,"2,829"
福岡県,229 みやま市,"1,993"
福岡県,230 糸島市,"5,649"
福岡県,305 那珂川町,"3,377"
福岡県,341 宇美町,"2,299"
福岡県,342 篠栗町,"2,011"
福岡県,343 志免町,"2,981"
福岡県,344 須惠町,"1,684"
福岡県,345 新宮町,"2,052"
福岡県,348 久山町,547
福岡県,349 粕屋町,"2,953"
福岡県,381 芦屋町,869
福岡県,382 水巻町,"1,304"
福岡県,383 岡垣町,"1,881"
福岡県,384 遠賀町,940
福岡県,401 小竹町,352
福岡県,402 鞍手町,745
福岡県,421 桂川町,684
福岡県,447 筑前町,"1,597"
福岡県,448 東峰村,92
福岡県,503 大刀洗町,823
福岡県,522 大木町,907
福岡県,544 広川町,"1,159"
福岡県,601 香春町,550
福岡県,602 添田町,482
福岡県,604 糸田町,463
福岡県,605 川崎町,971
福岡県,608 大任町,284
福岡県,609 赤村,175
福岡県,610 福智町,"1,397"
福岡県,621 苅田町,"2,014"
福岡県,625 みやこ町,994
福岡県,642 吉富町,413
福岡県,646 上毛町,422
福岡県,647 築上町,960
佐賀県,201 佐賀市,"13,239"
佐賀県,202 唐津市,"7,343"
佐賀県,203 鳥栖市,"4,877"
佐賀県,204 多久市,"1,039"
佐賀県,205 伊万里市,"3,287"
佐賀県,206 武雄市,"2,885"
佐賀県,207 鹿島市,"1,750"
佐賀県,208 小城市,"2,753"
佐賀県,209 嬉野市,"1,459"
佐賀県,210 神埼市,"1,880"
佐賀県,327 吉野ヶ里町,"1,043"
佐賀県,341 基山町,892
佐賀県,345 上峰町,593
佐賀県,346 みやき町,"1,252"
佐賀県,387 玄海町,382
佐賀県,401 有田町,"1,203"
佐賀県,423 大町町,324
佐賀県,424 江北町,510
佐賀県,425 白石町,"1,281"
佐賀県,441 太良町,521
長崎県,201 長崎市,"21,949"
長崎県,202 佐世保市,"13,969"
長崎県,203 島原市,"2,453"
長崎県,204 諫早市,"7,924"
長崎県,205 大村市,"6,175"
長崎県,207 平戸市,"1,655"
長崎県,208 松浦市,"1,268"
長崎県,209 対馬市,"1,797"
長崎県,210 壱岐市,"1,619"
長崎県,211 五島市,"1,857"
長崎県,212 西海市,"1,388"
長崎県,213 雲仙市,"2,420"
長崎県,214 南島原市,"2,431"
長崎県,307 長与町,"2,540"
長崎県,308 時津町,"1,819"
長崎県,321 東彼杵町,425
長崎県,322 川棚町,884
長崎県,323 波佐見町,867
長崎県,383 小値賀町,88
長崎県,391 佐々町,862
長崎県,411 新上五島町,"1,014"
熊本県,101 熊本市中央区,"9,377"
熊本県,102 熊本市東区,"11,717"
熊本県,103 熊本市西区,"4,470"
熊本県,104 熊本市南区,"7,735"
熊本県,105 熊本市北区,"8,319"
熊本県,202 八代市,"6,579"
熊本県,203 人吉市,"1,802"
熊本県,204 荒尾市,"2,851"
熊本県,205 水俣市,"1,280"
熊本県,206 玉名市,"3,570"
熊本県,208 山鹿市,"2,701"
熊本県,210 菊池市,"2,668"
熊本県,211 宇土市,"2,162"
熊本県,212 上天草市,"1,358"
熊本県,213 宇城市,"3,201"
熊本県,214 阿蘇市,"1,394"
熊本県,215 天草市,"4,319"
熊本県,216 合志市,"4,105"
熊本県,348 美里町,444
熊本県,364 玉東町,318
熊本県,367 南関町,437
熊本県,368 長洲町,820
熊本県,369 和水町,441
熊本県,403 大津町,"2,090"
熊本県,404 菊陽町,"2,807"
熊本県,423 南小国町,192
熊本県,424 小国町,367
熊本県,425 産山村,79
熊本県,428 高森町,303
熊本県,432 西原村,438
熊本県,433 南阿蘇村,570
熊本県,441 御船町,857
熊本県,442 嘉島町,498
熊本県,443 益城町,"1,985"
熊本県,444 甲佐町,524
熊本県,447 山都町,605
熊本県,468 氷川町,611
熊本県,482 芦北町,780
熊本県,484 津奈木町,239
熊本県,501 錦町,723
熊本県,505 多良木町,519
熊本県,506 湯前町,189
熊本県,507 水上村,127
熊本県,510 相良村,256
熊本県,511 五木村,32
熊本県,512 山江村,259
熊本県,513 球磨村,205
熊本県,514 あさぎり町,955
熊本県,531 苓北町,387
大分県,201 大分市,"27,232"
大分県,202 別府市,"5,654"
大分県,203 中津市,"4,725"
大分県,204 日田市,"3,710"
大分県,205 佐伯市,"3,552"
大分県,206 臼杵市,"1,925"
大分県,207 津久見市,805
大分県,208 竹田市,874
大分県,209 豊後高田市,"1,023"
大分県,210 杵築市,"1,407"
大分県,211 宇佐市,"2,926"
大分県,212 豊後大野市,"1,674"
大分県,213 由布市,"1,774"
大分県,214 国東市,"1,257"
大分県,322 姫島村,74
大分県,341 日出町,"1,718"
大分県,461 九重町,418
大分県,462 玖珠町,786
宮崎県,201 宮崎市,"23,149"
宮崎県,202 都城市,"9,452"
宮崎県,203 延岡市,"7,066"
宮崎県,204 日南市,"2,665"
宮崎県,205 小林市,"2,551"
宮崎県,206 日向市,"3,623"
宮崎県,207 串間市,931
宮崎県,208 西都市,"1,751"
宮崎県,209 えびの市,952
宮崎県,341 三股町,"1,612"
宮崎県,361 高原町,448
宮崎県,382 国富町,999
宮崎県,383 綾町,386
宮崎県,401 高鍋町,"1,127"
宮崎県,402 新富町,"1,021"
宮崎県,403 西米良村,53
宮崎県,404 木城町,266
宮崎県,405 川南町,990
宮崎県,406 都農町,568
宮崎県,421 門川町,"1,062"
宮崎県,429 諸塚村,99
宮崎県,430 椎葉村,154
宮崎県,431 美郷町,206
宮崎県,441 高千穂町,666
宮崎県,442 日之影町,197
宮崎県,443 五ヶ瀬町,198
鹿児島県,201 鹿児島市,"33,905"
鹿児島県,203 鹿屋市,"6,396"
鹿児島県,204 枕崎市,"1,075"
鹿児島県,206 阿久根市,"1,018"
鹿児島県,208 出水市,"3,171"
鹿児島県,210 指宿市,"2,117"
鹿児島県,213 西之表市,946
鹿児島県,214 垂水市,627
鹿児島県,215 薩摩川内市,"5,622"
鹿児島県,216 日置市,"2,570"
鹿児島県,217 曽於市,"1,682"
鹿児島県,218 霧島市,"7,514"
鹿児島県,219 いちき串木野市,"1,594"
鹿児島県,220 南さつま市,"1,617"
鹿児島県,221 志布志市,"1,746"
鹿児島県,222 奄美市,"2,741"
鹿児島県,223 南九州市,"1,846"
鹿児島県,224 伊佐市,"1,280"
鹿児島県,225 姶良市,"4,303"
鹿児島県,303 三島村,27
鹿児島県,304 十島村,49
鹿児島県,392 さつま町,"1,114"
鹿児島県,404 長島町,608
鹿児島県,452 湧水町,506
鹿児島県,468 大崎町,621
鹿児島県,482 東串良町,342
鹿児島県,490 錦江町,362
鹿児島県,491 南大隅町,331
鹿児島県,492 肝付町,725
鹿児島県,501 中種子町,469
鹿児島県,502 南種子町,346
鹿児島県,505 屋久島町,824
鹿児島県,523 大和村,81
鹿児島県,524 宇検村,88
鹿児島県,525 瀬戸内町,433
鹿児島県,527 龍郷町,370
鹿児島県,529 喜界町,412
鹿児島県,530 徳之島町,769
鹿児島県,531 天城町,418
鹿児島県,532 伊仙町,386
鹿児島県,533 和泊町,455
鹿児島県,534 知名町,388
鹿児島県,535 与論町,324
沖縄県,201 那覇市,"20,270"
沖縄県,205 宜野湾市,"6,675"
沖縄県,207 石垣市,"3,314"
沖縄県,208 浦添市,"8,216"
沖縄県,209 名護市,"4,101"
沖縄県,210 糸満市,"4,289"
沖縄県,211 沖縄市,"9,939"
沖縄県,212 豊見城市,"4,586"
沖縄県,213 うるま市,"8,836"
沖縄県,214 宮古島市,"3,409"
沖縄県,215 南城市,"2,743"
沖縄県,301 国頭村,299
沖縄県,302 大宜味村,147
沖縄県,303 東村,110
沖縄県,306 今帰仁村,603
沖縄県,308 本部町,746
沖縄県,311 恩納村,623
沖縄県,313 宜野座村,426
沖縄県,314 金武町,767
沖縄県,315 伊江村,253
沖縄県,324 読谷村,"2,951"
沖縄県,325 嘉手納町,924
沖縄県,326 北谷町,"2,107"
沖縄県,327 北中城村,"1,184"
沖縄県,328 中城村,"1,048"
沖縄県,329 西原町,"3,012"
沖縄県,348 与那原町,"1,264"
沖縄県,350 南風原町,"2,731"
沖縄県,353 渡嘉敷村,35
沖縄県,354 座間味村,56
沖縄県,355 粟国村,43
沖縄県,356 渡名喜村,14
沖縄県,357 南大東村,82
沖縄県,358 北大東村,35
沖縄県,359 伊平屋村,113
沖縄県,360 伊是名村,84
沖縄県,361 久米島町,501
沖縄県,362 八重瀬町,"1,942"
沖縄県,375 多良間村,91
沖縄県,381 竹富町,239
沖縄県,382 与那国町,105