市区町村名,人数
北海道札幌市中央区,9726.0
北海道札幌市北区,14474.0
北海道札幌市東区,11687.0
北海道札幌市白石区,8559.0
北海道札幌市豊平区,9735.0
北海道札幌市南区,5676.0
北海道札幌市西区,10043.0
北海道札幌市厚別区,5031.0
北海道札幌市手稲区,7175.0
北海道札幌市清田区,5994.0
北海道函館市,9225.0
北海道小樽市,3684.0
北海道旭川市,13985.0
北海道室蘭市,2993.0
北海道釧路市,6088.0
北海道帯広市,7221.0
北海道北見市,4830.0
北海道夕張市,147.0
北海道岩見沢市,3171.0
北海道網走市,1393.0
北海道留萌市,678.0
北海道苫小牧市,8315.0
北海道稚内市,1313.0
北海道美唄市,573.0
北海道芦別市,326.0
北海道江別市,5821.0
北海道赤平市,249.0
北海道紋別市,758.0
北海道士別市,603.0
北海道名寄市,1130.0
北海道三笠市,247.0
北海道根室市,833.0
北海道千歳市,5265.0
北海道滝川市,1497.0
北海道砂川市,531.0
北海道歌志内市,
北海道深川市,681.0
北海道富良野市,807.0
北海道登別市,1838.0
北海道恵庭市,3608.0
北海道伊達市,1290.0
北海道北広島市,2717.0
北海道石狩市,2860.0
北海道北斗市,2069.0
北海道当別町,215.0
北海道新篠津村,129.0
北海道松前町,137.0
北海道福島町,96.0
北海道知内町,131.0
北海道木古内町,92.0
北海道七飯町,1240.0
北海道鹿部町,125.0
北海道森町,516.0
北海道八雲町,587.0
北海道長万部町,163.0
北海道江差町,209.0
北海道上ノ国町,147.0
北海道厚沢部町,148.0
北海道乙部町,96.0
北海道奥尻町,68.0
北海道今金町,191.0
北海道せたな町,210.0
北海道島牧村,45.0
北海道寿都町,111.0
北海道黒松内町,123.0
北海道蘭越町,189.0
北海道ニセコ町,306.0
北海道真狩村,88.0
北海道留寿都村,82.0
北海道喜茂別町,63.0
北海道京極町,110.0
北海道倶知安町,813.0
北海道共和町,249.0
北海道岩内町,437.0
北海道泊村,47.0
北海道神恵内村,21.0
北海道積丹町,57.0
北海道古平町,77.0
北海道仁木町,125.0
北海道余市町,659.0
北海道赤井川村,51.0
北海道南幌町,307.0
北海道奈井江町,178.0
北海道上砂川町,73.0
北海道由仁町,189.0
北海道長沼町,465.0
北海道栗山町,432.0
北海道月形町,69.0
北海道浦臼町,65.0
北海道新十津川町,320.0
北海道妹背牛町,80.0
北海道秩父別町,98.0
北海道雨竜町,89.0
北海道北竜町,62.0
北海道沼田町,97.0
北海道鷹栖町,301.0
北海道東神楽町,654.0
北海道当麻町,278.0
北海道比布町,
北海道愛別町,95.0
北海道上川町,95.0
北海道東川町,501.0
北海道美瑛町,388.0
北海道上富良野町,457.0
北海道中富良野町,201.0
北海道南富良野町,114.0
北海道占冠村,33.0
北海道和寒町,113.0
北海道剣淵町,96.0
北海道下川町,113.0
北海道美深町,129.0
北海道音威子府村,9.0
北海道中川町,61.0
北海道幌加内町,39.0
北海道増毛町,128.0
北海道小平町,110.0
北海道苫前町,108.0
北海道羽幌町,234.0
北海道初山別村,45.0
北海道遠別町,97.0
北海道天塩町,108.0
北海道猿払村,148.0
北海道浜頓別町,122.0
北海道中頓別町,57.0
北海道枝幸町,275.0
北海道豊富町,157.0
北海道礼文町,83.0
北海道利尻町,65.0
北海道利尻富士町,89.0
北海道幌延町,108.0
北海道美幌町,720.0
北海道津別町,151.0
北海道斜里町,489.0
北海道清里町,195.0
北海道小清水町,224.0
北海道訓子府町,228.0
北海道置戸町,115.0
北海道佐呂間町,176.0
北海道遠軽町,768.0
北海道湧別町,160.0
北海道滝上町,69.0
北海道興部町,182.0
北海道西興部村,30.0
北海道雄武町,171.0
北海道大空町,302.0
北海道豊浦町,195.0
北海道壮瞥町,91.0
北海道白老町,415.0
北海道厚真町,212.0
北海道洞爺湖町,254.0
北海道安平町,109.0
北海道むかわ町,281.0
北海道日高町,472.0
北海道平取町,207.0
北海道新冠町,252.0
北海道浦河町,439.0
北海道様似町,142.0
北海道えりも町,214.0
北海道新ひだか町,945.0
北海道音更町,2189.0
北海道士幌町,275.0
北海道上士幌町,223.0
北海道鹿追町,279.0
北海道新得町,225.0
北海道清水町,372.0
北海道芽室町,985.0
北海道中札内村,223.0
北海道更別村,149.0
北海道大樹町,247.0
北海道広尾町,216.0
北海道幕別町,1323.0
北海道池田町,205.0
北海道豊頃町,104.0
北海道本別町,221.0
北海道足寄町,281.0
北海道陸別町,83.0
北海道浦幌町,172.0
北海道釧路町,800.0
北海道厚岸町,312.0
北海道浜中町,240.0
北海道標茶町,310.0
北海道弟子屈町,219.0
北海道鶴居村,107.0
北海道白糠町,11.0
北海道別海町,723.0
北海道中標津町,1091.0
北海道標津町,263.0
北海道羅臼町,207.0
青森県青森市,11695.0
青森県弘前市,7032.0
青森県八戸市,10418.0
青森県黒石市,1298.0
青森県五所川原市,2037.0
青森県十和田市,2603.0
青森県三沢市,1907.0
青森県むつ市,2267.0
青森県つがる市,1129.0
青森県平川市,1381.0
青森県平内町,353.0
青森県今別町,42.0
青森県蓬田村,109.0
青森県外ヶ浜町,106.0
青森県鰺ヶ沢町,258.0
青森県深浦町,176.0
青森県西目屋村,70.0
青森県藤崎町,680.0
青森県大鰐町,257.0
青森県田舎館村,348.0
青森県板柳町,478.0
青森県鶴田町,504.0
青森県中泊町,293.0
青森県野辺地町,432.0
青森県七戸町,543.0
青森県六戸町,584.0
青森県横浜町,145.0
青森県東北町,708.0
青森県六ヶ所村,404.0
青森県おいらせ町,1419.0
青森県大間町,187.0
青森県東通村,239.0
青森県風間浦村,47.0
青森県佐井村,42.0
青森県三戸町,317.0
青森県五戸町,561.0
青森県田子町,156.0
青森県南部町,619.0
青森県階上町,529.0
青森県新郷村,64.0
岩手県盛岡市,13855.0
岩手県宮古市,1913.0
岩手県大船渡市,1344.0
岩手県花巻市,4113.0
岩手県北上市,4615.0
岩手県久慈市,1431.0
岩手県遠野市,973.0
岩手県一関市,4530.0
岩手県陸前高田市,629.0
岩手県釜石市,1173.0
岩手県二戸市,1001.0
岩手県八幡平市,886.0
岩手県奥州市,4991.0
岩手県滝沢市,3120.0
岩手県雫石町,651.0
岩手県葛巻町,150.0
岩手県岩手町,425.0
岩手県紫波町,1673.0
岩手県矢巾町,1403.0
岩手県西和賀町,134.0
岩手県金ケ崎町,745.0
岩手県平泉町,331.0
岩手県住田町,136.0
岩手県大槌町,62.0
岩手県山田町,559.0
岩手県岩泉町,298.0
岩手県田野畑村,126.0
岩手県普代村,78.0
岩手県軽米町,285.0
岩手県野田村,184.0
岩手県九戸村,211.0
岩手県洋野町,570.0
岩手県一戸町,377.0
宮城県仙台市青葉区,14149.0
宮城県仙台市宮城野区,9059.0
宮城県仙台市若林区,7273.0
宮城県仙台市太白区,11963.0
宮城県仙台市泉区,10438.0
宮城県石巻市,5911.0
宮城県塩竈市,2301.0
宮城県気仙沼市,2149.0
宮城県白石市,1279.0
宮城県名取市,4801.0
宮城県角田市,1064.0
宮城県多賀城市,3405.0
宮城県岩沼市,2331.0
宮城県登米市,3324.0
宮城県栗原市,2245.0
宮城県東松島市,1944.0
宮城県大崎市,5893.0
宮城県富谷市,3366.0
宮城県蔵王町,489.0
宮城県七ヶ宿町,40.0
宮城県大河原町,1252.0
宮城県村田町,442.0
宮城県柴田町,1717.0
宮城県川崎町,286.0
宮城県丸森町,469.0
宮城県亘理町,1559.0
宮城県山元町,481.0
宮城県松島町,496.0
宮城県七ヶ浜町,769.0
宮城県利府町,2063.0
宮城県大和町,1684.0
宮城県大郷町,366.0
宮城県大衡村,391.0
宮城県色麻町,
宮城県加美町,904.0
宮城県涌谷町,584.0
宮城県美里町,1101.0
宮城県女川町,214.0
宮城県南三陸町,435.0
秋田県秋田市,13309.0
秋田県能代市,1593.0
秋田県横手市,3368.0
秋田県大館市,2513.0
秋田県男鹿市,677.0
秋田県湯沢市,1401.0
秋田県鹿角市,1095.0
秋田県由利本荘市,2885.0
秋田県潟上市,1416.0
秋田県大仙市,2963.0
秋田県北秋田市,916.0
秋田県にかほ市,894.0
秋田県仙北市,843.0
秋田県小坂町,138.0
秋田県上小阿仁村,41.0
秋田県藤里町,
秋田県三種町,449.0
秋田県八峰町,148.0
秋田県五城目町,250.0
秋田県八郎潟町,164.0
秋田県井川町,
秋田県大潟村,135.0
秋田県美郷町,702.0
秋田県羽後町,506.0
秋田県東成瀬村,72.0
山形県山形市,11859.0
山形県米沢市,3352.0
山形県鶴岡市,5333.0
山形県酒田市,3993.0
山形県新庄市,883.0
山形県寒河江市,2038.0
山形県上山市,1058.0
山形県村山市,840.0
山形県長井市,1114.0
山形県天童市,3127.0
山形県東根市,2640.0
山形県尾花沢市,581.0
山形県南陽市,1357.0
山形県山辺町,661.0
山形県中山町,482.0
山形県河北町,780.0
山形県西川町,147.0
山形県朝日町,206.0
山形県大江町,322.0
山形県大石田町,243.0
山形県金山町,210.0
山形県最上町,343.0
山形県舟形町,193.0
山形県真室川町,292.0
山形県大蔵村,148.0
山形県鮭川村,165.0
山形県戸沢村,
山形県高畠町,1098.0
山形県川西町,573.0
山形県小国町,280.0
山形県白鷹町,538.0
山形県飯豊町,309.0
山形県三川町,403.0
山形県庄内町,847.0
山形県遊佐町,452.0
福島県福島市,12714.0
福島県会津若松市,5123.0
福島県郡山市,15939.0
福島県いわき市,15478.0
福島県白河市,2856.0
福島県須賀川市,3658.0
福島県喜多方市,2090.0
福島県相馬市,1775.0
福島県二本松市,2332.0
福島県田村市,1439.0
福島県南相馬市,2110.0
福島県伊達市,2487.0
福島県本宮市,1636.0
福島県桑折町,490.0
福島県国見町,271.0
福島県川俣町,329.0
福島県大玉村,558.0
福島県鏡石町,707.0
福島県天栄村,208.0
福島県下郷町,159.0
福島県檜枝岐村,27.0
福島県只見町,125.0
福島県南会津町,505.0
福島県北塩原村,82.0
福島県西会津町,196.0
福島県磐梯町,172.0
福島県猪苗代町,567.0
福島県会津坂下町,633.0
福島県湯川村,160.0
福島県柳津町,128.0
福島県三島町,38.0
福島県金山町,26.0
福島県昭和村,26.0
福島県会津美里町,812.0
福島県西郷村,1114.0
福島県泉崎村,339.0
福島県中島村,263.0
福島県矢吹町,865.0
福島県棚倉町,643.0
福島県矢祭町,265.0
福島県塙町,350.0
福島県鮫川村,109.0
福島県石川町,540.0
福島県玉川村,298.0
福島県平田村,254.0
福島県浅川町,270.0
福島県古殿町,167.0
福島県三春町,827.0
福島県小野町,389.0
福島県広野町,145.0
福島県楢葉町,132.0
福島県富岡町,46.0
福島県川内村,
福島県大熊町,
福島県双葉町,24.0
福島県浪江町,38.0
福島県葛尾村,12.0
福島県新地町,394.0
福島県飯舘村,
茨城県水戸市,13800.0
茨城県日立市,6726.0
茨城県土浦市,5910.0
茨城県古河市,6544.0
茨城県石岡市,3030.0
茨城県結城市,2421.0
茨城県龍ケ崎市,3279.0
茨城県下妻市,1970.0
茨城県常総市,2736.0
茨城県常陸太田市,1712.0
茨城県高萩市,1090.0
茨城県北茨城市,1718.0
茨城県笠間市,3270.0
茨城県取手市,4829.0
茨城県牛久市,4059.0
茨城県つくば市,11363.0
茨城県ひたちなか市,7368.0
茨城県鹿嶋市,3278.0
茨城県潮来市,1186.0
茨城県守谷市,4416.0
茨城県常陸大宮市,1555.0
茨城県那珂市,2542.0
茨城県筑西市,4487.0
茨城県坂東市,2347.0
茨城県稲敷市,1309.0
茨城県かすみがうら市,1497.0
茨城県桜川市,1214.0
茨城県神栖市,4796.0
茨城県行方市,1296.0
茨城県鉾田市,1881.0
茨城県つくばみらい市,4199.0
茨城県小美玉市,1569.0
茨城県茨城町,1285.0
茨城県大洗町,596.0
茨城県城里町,621.0
茨城県東海村,2184.0
茨城県大子町,430.0
茨城県美浦村,556.0
茨城県阿見町,2553.0
茨城県河内町,
茨城県八千代町,948.0
茨城県五霞町,309.0
茨城県境町,1247.0
茨城県利根町,444.0
栃木県宇都宮市,27122.0
栃木県足利市,5900.0
栃木県栃木市,7080.0
栃木県佐野市,4426.0
栃木県鹿沼市,4346.0
栃木県日光市,2931.0
栃木県小山市,8227.0
栃木県真岡市,4192.0
栃木県大田原市,3311.0
栃木県矢板市,1297.0
栃木県那須塩原市,5735.0
栃木県さくら市,2461.0
栃木県那須烏山市,904.0
栃木県下野市,2513.0
栃木県上三川町,1592.0
栃木県益子町,1024.0
栃木県茂木町,389.0
栃木県市貝町,506.0
栃木県芳賀町,822.0
栃木県壬生町,1903.0
栃木県野木町,1224.0
栃木県塩谷町,344.0
栃木県高根沢町,1351.0
栃木県那須町,875.0
栃木県那珂川町,494.0
群馬県前橋市,16089.0
群馬県高崎市,18181.0
群馬県桐生市,3844.0
群馬県伊勢崎市,10635.0
群馬県太田市,11506.0
群馬県沼田市,1862.0
群馬県館林市,3339.0
群馬県渋川市,3023.0
群馬県藤岡市,2623.0
群馬県富岡市,2007.0
群馬県安中市,2163.0
群馬県みどり市,2323.0
群馬県榛東村,762.0
群馬県吉岡町,1448.0
群馬県上野村,59.0
群馬県神流町,24.0
群馬県下仁田町,131.0
群馬県南牧村,9.0
群馬県甘楽町,529.0
群馬県中之条町,505.0
群馬県長野原町,165.0
群馬県嬬恋村,339.0
群馬県草津町,174.0
群馬県高山村,130.0
群馬県東吾妻町,422.0
群馬県片品村,118.0
群馬県川場村,160.0
群馬県昭和村,327.0
群馬県みなかみ町,592.0
群馬県玉村町,1762.0
群馬県板倉町,542.0
群馬県明和町,504.0
群馬県千代田町,505.0
群馬県大泉町,1968.0
群馬県邑楽町,1120.0
埼玉県さいたま市西区,4756.0
埼玉県さいたま市北区,7894.0
埼玉県さいたま市大宮区,6694.0
埼玉県さいたま市見沼区,7396.0
埼玉県さいたま市中央区,4917.0
埼玉県さいたま市桜区,4121.0
埼玉県さいたま市浦和区,10853.0
埼玉県さいたま市南区,10145.0
埼玉県さいたま市緑区,9121.0
埼玉県さいたま市岩槻区,5012.0
埼玉県川越市,17533.0
埼玉県熊谷市,8647.0
埼玉県川口市,28958.0
埼玉県行田市,3374.0
埼玉県秩父市,2622.0
埼玉県所沢市,15914.0
埼玉県飯能市,3425.0
埼玉県加須市,5020.0
埼玉県本庄市,3570.0
埼玉県東松山市,4380.0
埼玉県春日部市,9658.0
埼玉県狭山市,6493.0
埼玉県羽生市,2289.0
埼玉県鴻巣市,5373.0
埼玉県深谷市,6719.0
埼玉県上尾市,10888.0
埼玉県草加市,11441.0
埼玉県越谷市,17333.0
埼玉県蕨市,3204.0
埼玉県戸田市,8047.0
埼玉県入間市,6564.0
埼玉県朝霞市,7729.0
埼玉県志木市,4197.0
埼玉県和光市,4378.0
埼玉県新座市,8654.0
埼玉県桶川市,3533.0
埼玉県久喜市,6699.0
埼玉県北本市,2601.0
埼玉県八潮市,4208.0
埼玉県富士見市,5730.0
埼玉県三郷市,7398.0
埼玉県蓮田市,2639.0
埼玉県坂戸市,4711.0
埼玉県幸手市,1986.0
埼玉県鶴ヶ島市,3026.0
埼玉県日高市,2246.0
埼玉県吉川市,4114.0
埼玉県ふじみ野市,6084.0
埼玉県白岡市,2679.0
埼玉県伊奈町,2383.0
埼玉県三芳町,1877.0
埼玉県毛呂山町,1131.0
埼玉県越生町,371.0
埼玉県滑川町,1270.0
埼玉県嵐山町,692.0
埼玉県小川町,908.0
埼玉県川島町,689.0
埼玉県吉見町,626.0
埼玉県鳩山町,396.0
埼玉県ときがわ町,379.0
埼玉県横瀬町,325.0
埼玉県皆野町,371.0
埼玉県長瀞町,265.0
埼玉県小鹿野町,362.0
埼玉県東秩父村,60.0
埼玉県美里町,498.0
埼玉県神川町,536.0
埼玉県上里町,1382.0
埼玉県寄居町,1266.0
埼玉県宮代町,1583.0
埼玉県杉戸町,1860.0
埼玉県松伏町,1253.0
千葉県千葉市中央区,8781.0
千葉県千葉市花見川区,7523.0
千葉県千葉市稲毛区,8529.0
千葉県千葉市若葉区,5802.0
千葉県千葉市緑区,7384.0
千葉県千葉市美浜区,7778.0
千葉県銚子市,1713.0
千葉県市川市,23239.0
千葉県船橋市,33099.0
千葉県館山市,1695.0
千葉県木更津市,7371.0
千葉県松戸市,22785.0
千葉県野田市,6901.0
千葉県茂原市,3537.0
千葉県成田市,6228.0
千葉県佐倉市,7649.0
千葉県東金市,2431.0
千葉県旭市,2838.0
千葉県習志野市,9060.0
千葉県柏市,21948.0
千葉県勝浦市,438.0
千葉県市原市,12309.0
千葉県流山市,13814.0
千葉県八千代市,9945.0
千葉県我孫子市,5561.0
千葉県鴨川市,1120.0
千葉県鎌ケ谷市,5034.0
千葉県君津市,3350.0
千葉県富津市,1482.0
千葉県浦安市,8296.0
千葉県四街道市,5329.0
千葉県袖ケ浦市,3655.0
千葉県八街市,2419.0
千葉県印西市,7565.0
千葉県白井市,3451.0
千葉県富里市,2079.0
千葉県南房総市,1237.0
千葉県匝瑳市,1438.0
千葉県香取市,2620.0
千葉県山武市,1744.0
千葉県いすみ市,1320.0
千葉県大網白里市,2073.0
千葉県酒々井町,754.0
千葉県栄町,680.0
千葉県神崎町,200.0
千葉県多古町,506.0
千葉県東庄町,495.0
千葉県九十九里町,450.0
千葉県芝山町,265.0
千葉県横芝光町,961.0
千葉県一宮町,630.0
千葉県睦沢町,278.0
千葉県長生村,532.0
千葉県白子町,395.0
千葉県長柄町,194.0
千葉県長南町,226.0
千葉県大多喜町,296.0
千葉県御宿町,199.0
千葉県鋸南町,188.0
東京都千代田区,5205.0
東京都中央区,8796.0
東京都港区,11878.0
東京都新宿区,10805.0
東京都文京区,13448.0
東京都台東区,7078.0
東京都墨田区,10404.0
東京都江東区,24665.0
東京都品川区,14459.0
東京都目黒区,11091.0
東京都大田区,30197.0
東京都世田谷区,42971.0
東京都渋谷区,9567.0
東京都中野区,11693.0
東京都杉並区,23237.0
東京都豊島区,10460.0
東京都北区,14991.0
東京都荒川区,9072.0
東京都板橋区,24302.0
東京都練馬区,34204.0
東京都足立区,29727.0
東京都葛飾区,20351.0
東京都江戸川区,32683.0
東京都八王子市,24288.0
東京都立川市,8725.0
東京都武蔵野市,8173.0
東京都三鷹市,9879.0
東京都青梅市,5367.0
東京都府中市,14012.0
東京都昭島市,5879.0
東京都調布市,12487.0
東京都町田市,21692.0
東京都小金井市,6751.0
東京都小平市,11020.0
東京都日野市,9376.0
東京都東村山市,6941.0
東京都国分寺市,6802.0
東京都国立市,4577.0
東京都福生市,2220.0
東京都狛江市,3924.0
東京都東大和市,4262.0
東京都清瀬市,3666.0
東京都東久留米市,5898.0
東京都武蔵村山市,3760.0
東京都多摩市,6888.0
東京都稲城市,5391.0
東京都羽村市,2583.0
東京都あきる野市,3961.0
東京都西東京市,10006.0
東京都瑞穂町,1461.0
東京都日の出町,990.0
東京都檜原村,60.0
東京都奥多摩町,143.0
東京都大島町,299.0
東京都利島村,19.0
東京都新島村,108.0
東京都神津島村,124.0
東京都三宅村,94.0
東京都御蔵島村,27.0
東京都八丈町,328.0
東京都青ヶ島村,5.0
東京都小笠原村,161.0
神奈川県横浜市鶴見区,14770.0
神奈川県横浜市神奈川区,10940.0
神奈川県横浜市西区,4072.0
神奈川県横浜市中区,5578.0
神奈川県横浜市南区,8552.0
神奈川県横浜市保土ケ谷区,8821.0
神奈川県横浜市磯子区,7783.0
神奈川県横浜市金沢区,8500.0
神奈川県横浜市港北区,17659.0
神奈川県横浜市戸塚区,13844.0
神奈川県横浜市港南区,9278.0
神奈川県横浜市旭区,11260.0
神奈川県横浜市緑区,9352.0
神奈川県横浜市瀬谷区,5542.0
神奈川県横浜市栄区,5508.0
神奈川県横浜市泉区,6178.0
神奈川県横浜市青葉区,16467.0
神奈川県横浜市都筑区,12875.0
神奈川県川崎市川崎区,9785.0
神奈川県川崎市幸区,8502.0
神奈川県川崎市中原区,13429.0
神奈川県川崎市高津区,12219.0
神奈川県川崎市多摩区,9018.0
神奈川県川崎市宮前区,12593.0
神奈川県川崎市麻生区,9715.0
神奈川県相模原市緑区,8533.0
神奈川県相模原市中央区,12340.0
神奈川県相模原市南区,12909.0
神奈川県横須賀市,16321.0
神奈川県平塚市,11820.0
神奈川県鎌倉市,9114.0
神奈川県藤沢市,24580.0
神奈川県小田原市,8350.0
神奈川県茅ヶ崎市,12905.0
神奈川県逗子市,2741.0
神奈川県三浦市,1332.0
神奈川県秦野市,7326.0
神奈川県厚木市,10525.0
神奈川県大和市,11918.0
神奈川県伊勢原市,4618.0
神奈川県海老名市,7101.0
神奈川県座間市,5961.0
神奈川県南足柄市,1863.0
神奈川県綾瀬市,4406.0
神奈川県葉山町,1785.0
神奈川県寒川町,2581.0
神奈川県大磯町,1527.0
神奈川県二宮町,1145.0
神奈川県中井町,326.0
神奈川県大井町,774.0
神奈川県松田町,408.0
神奈川県山北町,362.0
神奈川県開成町,1155.0
神奈川県箱根町,300.0
神奈川県真鶴町,198.0
神奈川県湯河原町,697.0
神奈川県愛川町,1688.0
神奈川県清川村,113.0
新潟県新潟市北区,3417.0
新潟県新潟市東区,6093.0
新潟県新潟市中央区,8278.0
新潟県新潟市江南区,3548.0
新潟県新潟市秋葉区,3707.0
新潟県新潟市南区,2086.0
新潟県新潟市西区,7798.0
新潟県新潟市西蒲区,2318.0
新潟県長岡市,12493.0
新潟県三条市,3713.0
新潟県柏崎市,3304.0
新潟県新発田市,4602.0
新潟県小千谷市,1407.0
新潟県加茂市,940.0
新潟県十日町市,2102.0
新潟県見附市,1843.0
新潟県村上市,2192.0
新潟県燕市,3564.0
新潟県糸魚川市,1518.0
新潟県妙高市,1263.0
新潟県五泉市,1935.0
新潟県上越市,8713.0
新潟県阿賀野市,1832.0
新潟県佐渡市,2051.0
新潟県魚沼市,1363.0
新潟県南魚沼市,2647.0
新潟県胎内市,1242.0
新潟県聖籠町,904.0
新潟県弥彦村,358.0
新潟県田上町,444.0
新潟県阿賀町,240.0
新潟県出雲崎町,146.0
新潟県湯沢町,279.0
新潟県津南町,369.0
新潟県刈羽村,237.0
新潟県関川村,183.0
新潟県粟島浦村,8.0
富山県富山市,19242.0
富山県高岡市,6973.0
富山県魚津市,1603.0
富山県氷見市,1518.0
富山県滑川市,1587.0
富山県黒部市,1874.0
富山県砺波市,2302.0
富山県小矢部市,1181.0
富山県南砺市,1912.0
富山県射水市,4634.0
富山県舟橋村,191.0
富山県上市町,729.0
富山県立山町,1090.0
富山県入善町,891.0
富山県朝日町,362.0
石川県金沢市,22897.0
石川県七尾市,1933.0
石川県小松市,5441.0
石川県輪島市,701.0
石川県珠洲市,307.0
石川県加賀市,2688.0
石川県羽咋市,783.0
石川県かほく市,1965.0
石川県白山市,6085.0
石川県能美市,2712.0
石川県野々市市,3271.0
石川県川北町,402.0
石川県津幡町,2059.0
石川県内灘町,1412.0
石川県志賀町,670.0
石川県宝達志水町,422.0
石川県中能登町,778.0
石川県穴水町,207.0
石川県能登町,448.0
福井県福井市,12753.0
福井県敦賀市,3255.0
福井県小浜市,1426.0
福井県大野市,1352.0
福井県勝山市,984.0
福井県鯖江市,3812.0
福井県あわら市,1164.0
福井県越前市,3997.0
福井県坂井市,4675.0
福井県永平寺町,819.0
福井県池田町,70.0
福井県南越前町,450.0
福井県越前町,916.0
福井県美浜町,375.0
福井県高浜町,450.0
福井県おおい町,417.0
福井県若狭町,682.0
山梨県甲府市,8914.0
山梨県富士吉田市,2107.0
山梨県都留市,1232.0
山梨県山梨市,1494.0
山梨県大月市,676.0
山梨県韮崎市,1145.0
山梨県南アルプス市,3693.0
山梨県北杜市,1791.0
山梨県甲斐市,3962.0
山梨県笛吹市,3106.0
山梨県上野原市,716.0
山梨県甲州市,1277.0
山梨県中央市,1537.0
山梨県市川三郷町,601.0
山梨県早川町,28.0
山梨県身延町,262.0
山梨県南部町,221.0
山梨県富士川町,562.0
山梨県昭和町,1362.0
山梨県道志村,54.0
山梨県西桂町,194.0
山梨県忍野村,587.0
山梨県山中湖村,243.0
山梨県鳴沢村,137.0
山梨県富士河口湖町,1507.0
山梨県小菅村,26.0
山梨県丹波山村,14.0
長野県長野市,17848.0
長野県松本市,12308.0
長野県上田市,7488.0
長野県岡谷市,2022.0
長野県飯田市,4920.0
長野県諏訪市,2301.0
長野県須坂市,2396.0
長野県小諸市,1899.0
長野県伊那市,3367.0
長野県駒ヶ根市,1558.0
長野県中野市,2135.0
長野県大町市,876.0
長野県飯山市,774.0
長野県茅野市,2810.0
長野県塩尻市,3077.0
長野県佐久市,4992.0
長野県千曲市,2812.0
長野県東御市,1445.0
長野県安曇野市,4641.0
長野県小海町,150.0
長野県川上村,189.0
長野県南牧村,118.0
長野県南相木村,51.0
長野県北相木村,53.0
長野県佐久穂町,617.0
長野県軽井沢町,1009.0
長野県御代田町,845.0
長野県立科町,268.0
長野県青木村,183.0
長野県長和町,195.0
長野県下諏訪町,788.0
長野県富士見町,683.0
長野県原村,412.0
長野県辰野町,862.0
長野県箕輪町,1221.0
長野県飯島町,416.0
長野県南箕輪村,1037.0
長野県中川村,239.0
長野県宮田村,507.0
長野県松川町,645.0
長野県高森町,729.0
長野県阿南町,168.0
長野県阿智村,330.0
長野県平谷村,21.0
長野県根羽村,
長野県下條村,170.0
長野県売木村,22.0
長野県天龍村,26.0
長野県泰阜村,74.0
長野県喬木村,311.0
長野県豊丘村,347.0
長野県大鹿村,48.0
長野県上松町,153.0
長野県南木曽町,154.0
長野県木祖村,99.0
長野県王滝村,10.0
長野県大桑村,114.0
長野県木曽町,381.0
長野県麻績村,85.0
長野県生坂村,65.0
長野県山形村,455.0
長野県朝日村,197.0
長野県筑北村,123.0
長野県池田町,396.0
長野県松川村,452.0
長野県白馬村,376.0
長野県小谷村,110.0
長野県坂城町,599.0
長野県小布施町,587.0
長野県高山村,272.0
長野県山ノ内町,380.0
長野県木島平村,219.0
長野県野沢温泉村,145.0
長野県信濃町,
長野県小川村,71.0
長野県飯綱町,445.0
長野県栄村,43.0
岐阜県岐阜市,19329.0
岐阜県大垣市,8081.0
岐阜県高山市,4090.0
岐阜県多治見市,4936.0
岐阜県関市,4215.0
岐阜県中津川市,3623.0
岐阜県美濃市,863.0
岐阜県瑞浪市,1679.0
岐阜県羽島市,3358.0
岐阜県恵那市,2193.0
岐阜県美濃加茂市,3587.0
岐阜県土岐市,2632.0
岐阜県各務原市,7554.0
岐阜県可児市,5467.0
岐阜県山県市,1069.0
岐阜県瑞穂市,3368.0
岐阜県飛騨市,980.0
岐阜県本巣市,1641.0
岐阜県郡上市,1883.0
岐阜県下呂市,1261.0
岐阜県海津市,1287.0
岐阜県岐南町,1460.0
岐阜県笠松町,1016.0
岐阜県養老町,1108.0
岐阜県垂井町,1253.0
岐阜県関ケ原町,213.0
岐阜県神戸町,868.0
岐阜県輪之内町,491.0
岐阜県安八町,767.0
岐阜県揖斐川町,692.0
岐阜県大野町,1152.0
岐阜県池田町,1314.0
岐阜県北方町,
岐阜県坂祝町,470.0
岐阜県富加町,347.0
岐阜県川辺町,522.0
岐阜県七宗町,106.0
岐阜県八百津町,431.0
岐阜県白川町,232.0
岐阜県東白川村,71.0
岐阜県御嵩町,886.0
岐阜県白川村,
静岡県静岡市葵区,12161.0
静岡県静岡市駿河区,9073.0
静岡県静岡市清水区,10150.0
静岡県浜松市中区,11827.0
静岡県浜松市東区,6798.0
静岡県浜松市西区,5349.0
静岡県浜松市南区,4717.0
静岡県浜松市北区,5089.0
静岡県浜松市浜北区,6264.0
静岡県浜松市天竜区,841.0
静岡県沼津市,7882.0
静岡県熱海市,779.0
静岡県三島市,5180.0
静岡県富士宮市,6273.0
静岡県伊東市,2154.0
静岡県島田市,4917.0
静岡県富士市,12247.0
静岡県磐田市,8720.0
静岡県焼津市,6540.0
静岡県掛川市,6377.0
静岡県藤枝市,7484.0
静岡県御殿場市,4260.0
静岡県袋井市,5038.0
静岡県下田市,686.0
静岡県裾野市,2583.0
静岡県湖西市,2770.0
静岡県伊豆市,863.0
静岡県御前崎市,1458.0
静岡県菊川市,2583.0
静岡県伊豆の国市,2233.0
静岡県牧之原市,2087.0
静岡県東伊豆町,311.0
静岡県河津町,252.0
静岡県南伊豆町,263.0
静岡県松崎町,165.0
静岡県西伊豆町,148.0
静岡県函南町,1760.0
静岡県清水町,1614.0
静岡県長泉町,2612.0
静岡県小山町,890.0
静岡県吉田町,1404.0
静岡県川根本町,167.0
静岡県森町,806.0
愛知県名古屋市千種区,7942.0
愛知県名古屋市東区,4427.0
愛知県名古屋市北区,6593.0
愛知県名古屋市西区,6620.0
愛知県名古屋市中村区,4913.0
愛知県名古屋市中区,2178.0
愛知県名古屋市昭和区,5788.0
愛知県名古屋市瑞穂区,5576.0
愛知県名古屋市熱田区,2726.0
愛知県名古屋市中川区,9870.0
愛知県名古屋市港区,6065.0
愛知県名古屋市南区,5593.0
愛知県名古屋市守山区,10475.0
愛知県名古屋市緑区,15132.0
愛知県名古屋市名東区,9348.0
愛知県名古屋市天白区,7959.0
愛知県豊橋市,19683.0
愛知県岡崎市,22057.0
愛知県一宮市,19732.0
愛知県瀬戸市,6648.0
愛知県半田市,6022.0
愛知県春日井市,16487.0
愛知県豊川市,10246.0
愛知県津島市,2496.0
愛知県碧南市,3951.0
愛知県刈谷市,8723.0
愛知県豊田市,22365.0
愛知県安城市,10912.0
愛知県西尾市,9703.0
愛知県蒲郡市,3752.0
愛知県犬山市,3417.0
愛知県常滑市,3604.0
愛知県江南市,5080.0
愛知県小牧市,7710.0
愛知県稲沢市,6941.0
愛知県新城市,1951.0
愛知県東海市,6843.0
愛知県大府市,5788.0
愛知県知多市,4276.0
愛知県知立市,3845.0
愛知県尾張旭市,4623.0
愛知県高浜市,2985.0
愛知県岩倉市,2340.0
愛知県豊明市,3483.0
愛知県日進市,6349.0
愛知県田原市,3151.0
愛知県愛西市,2737.0
愛知県清須市,3927.0
愛知県北名古屋市,4848.0
愛知県弥富市,2078.0
愛知県みよし市,3646.0
愛知県あま市,4664.0
愛知県長久手市,4523.0
愛知県東郷町,2702.0
愛知県豊山町,965.0
愛知県大口町,1519.0
愛知県扶桑町,1948.0
愛知県大治町,2097.0
愛知県蟹江町,1758.0
愛知県飛島村,
愛知県阿久比町,2211.0
愛知県東浦町,2767.0
愛知県南知多町,595.0
愛知県美浜町,919.0
愛知県武豊町,2392.0
愛知県幸田町,2898.0
愛知県設楽町,124.0
愛知県東栄町,105.0
愛知県豊根村,29.0
三重県津市,13321.0
三重県四日市市,15378.0
三重県伊勢市,5726.0
三重県松阪市,7842.0
三重県桑名市,7501.0
三重県鈴鹿市,9912.0
三重県名張市,3775.0
三重県尾鷲市,539.0
三重県亀山市,2831.0
三重県鳥羽市,594.0
三重県熊野市,633.0
三重県いなべ市,2210.0
三重県志摩市,1609.0
三重県伊賀市,3843.0
三重県木曽岬町,211.0
三重県東員町,1469.0
三重県菰野町,2383.0
三重県朝日町,724.0
三重県川越町,857.0
三重県多気町,686.0
三重県明和町,1190.0
三重県大台町,313.0
三重県玉城町,875.0
三重県度会町,363.0
三重県大紀町,212.0
三重県南伊勢町,238.0
三重県紀北町,440.0
三重県御浜町,333.0
三重県紀宝町,492.0
滋賀県大津市,18715.0
滋賀県彦根市,5973.0
滋賀県長浜市,5687.0
滋賀県近江八幡市,4649.0
滋賀県草津市,8398.0
滋賀県守山市,5618.0
滋賀県栗東市,4278.0
滋賀県甲賀市,4523.0
滋賀県野洲市,2833.0
滋賀県湖南市,2997.0
滋賀県高島市,1893.0
滋賀県東近江市,6181.0
滋賀県米原市,2031.0
滋賀県日野町,1049.0
滋賀県竜王町,627.0
滋賀県愛荘町,1432.0
滋賀県豊郷町,441.0
滋賀県甲良町,317.0
滋賀県多賀町,431.0
京都府京都市北区,5066.0
京都府京都市上京区,2948.0
京都府京都市左京区,7698.0
京都府京都市中京区,4094.0
京都府京都市東山区,436.0
京都府京都市下京区,2855.0
京都府京都市南区,3750.0
京都府京都市右京区,8450.0
京都府京都市伏見区,11828.0
京都府京都市山科区,5263.0
京都府京都市西京区,7233.0
京都府福知山市,3990.0
京都府舞鶴市,3838.0
京都府綾部市,1334.0
京都府宇治市,8562.0
京都府宮津市,615.0
京都府亀岡市,4240.0
京都府城陽市,3403.0
京都府向日市,3541.0
京都府長岡京市,4530.0
京都府八幡市,3126.0
京都府京田辺市,4448.0
京都府京丹後市,2351.0
京都府南丹市,1363.0
京都府木津川市,5642.0
京都府大山崎町,878.0
京都府久御山町,626.0
京都府井手町,244.0
京都府宇治田原町,405.0
京都府笠置町,22.0
京都府和束町,107.0
京都府精華町,2016.0
京都府南山城村,59.0
京都府京丹波町,441.0
京都府伊根町,73.0
京都府与謝野町,871.0
大阪府大阪市都島区,4666.0
大阪府大阪市福島区,3735.0
大阪府大阪市此花区,2992.0
大阪府大阪市西区,5188.0
大阪府大阪市港区,3084.0
大阪府大阪市大正区,2494.0
大阪府大阪市天王寺区,4437.0
大阪府大阪市浪速区,1596.0
大阪府大阪市西淀川区,4100.0
大阪府大阪市東淀川区,6345.0
大阪府大阪市東成区,3306.0
大阪府大阪市生野区,3613.0
大阪府大阪市旭区,3659.0
大阪府大阪市城東区,8019.0
大阪府大阪市阿倍野区,6573.0
大阪府大阪市住吉区,7293.0
大阪府大阪市東住吉区,5841.0
大阪府大阪市西成区,2548.0
大阪府大阪市淀川区,6936.0
大阪府大阪市鶴見区,6334.0
大阪府大阪市住之江区,4973.0
大阪府大阪市平野区,8461.0
大阪府大阪市北区,4934.0
大阪府大阪市中央区,5356.0
大阪府堺市堺区,6428.0
大阪府堺市中区,6340.0
大阪府堺市東区,4938.0
大阪府堺市西区,7089.0
大阪府堺市南区,6224.0
大阪府堺市北区,7934.0
大阪府堺市美原区,1931.0
大阪府岸和田市,9334.0
大阪府豊中市,21629.0
大阪府池田市,5331.0
大阪府吹田市,21490.0
大阪府泉大津市,3397.0
大阪府高槻市,17181.0
大阪府貝塚市,4219.0
大阪府守口市,5379.0
大阪府枚方市,19948.0
大阪府茨木市,15789.0
大阪府八尾市,12171.0
大阪府泉佐野市,4585.0
大阪府富田林市,4842.0
大阪府寝屋川市,10570.0
大阪府河内長野市,4141.0
大阪府松原市,5010.0
大阪府大東市,5663.0
大阪府和泉市,9198.0
大阪府箕面市,9153.0
大阪府柏原市,3013.0
大阪府羽曳野市,4569.0
大阪府門真市,4329.0
大阪府摂津市,4176.0
大阪府高石市,2863.0
大阪府藤井寺市,3247.0
大阪府東大阪市,19054.0
大阪府泉南市,2891.0
大阪府四條畷市,2593.0
大阪府交野市,3970.0
大阪府大阪狭山市,3227.0
大阪府阪南市,2212.0
大阪府島本町,1931.0
大阪府豊能町,502.0
大阪府能勢町,
大阪府忠岡町,763.0
大阪府熊取町,2318.0
大阪府田尻町,442.0
大阪府岬町,488.0
大阪府太子町,618.0
大阪府河南町,670.0
大阪府千早赤阪村,157.0
兵庫県神戸市東灘区,11326.0
兵庫県神戸市灘区,6990.0
兵庫県神戸市兵庫区,3802.0
兵庫県神戸市長田区,3208.0
兵庫県神戸市須磨区,7616.0
兵庫県神戸市垂水区,11760.0
兵庫県神戸市北区,10180.0
兵庫県神戸市中央区,4707.0
兵庫県神戸市西区,11729.0
兵庫県姫路市,26461.0
兵庫県尼崎市,20172.0
兵庫県明石市,17553.0
兵庫県西宮市,26047.0
兵庫県洲本市,1742.0
兵庫県芦屋市,4416.0
兵庫県伊丹市,10984.0
兵庫県相生市,1295.0
兵庫県豊岡市,3757.0
兵庫県加古川市,13241.0
兵庫県赤穂市,2081.0
兵庫県西脇市,1795.0
兵庫県宝塚市,13362.0
兵庫県三木市,3394.0
兵庫県高砂市,4444.0
兵庫県川西市,7390.0
兵庫県小野市,2423.0
兵庫県三田市,5972.0
兵庫県加西市,1932.0
兵庫県丹波篠山市,1917.0
兵庫県養父市,833.0
兵庫県丹波市,3006.0
兵庫県南あわじ市,2238.0
兵庫県朝来市,1409.0
兵庫県淡路市,2000.0
兵庫県宍粟市,1584.0
兵庫県加東市,1908.0
兵庫県たつの市,3819.0
兵庫県猪名川町,1509.0
兵庫県多可町,816.0
兵庫県稲美町,1666.0
兵庫県播磨町,2143.0
兵庫県市川町,455.0
兵庫県福崎町,1011.0
兵庫県神河町,429.0
兵庫県太子町,1941.0
兵庫県上郡町,537.0
兵庫県佐用町,576.0
兵庫県香美町,645.0
兵庫県新温泉町,517.0
奈良県奈良市,17458.0
奈良県大和高田市,2323.0
奈良県大和郡山市,3670.0
奈良県天理市,3121.0
奈良県橿原市,5746.0
奈良県桜井市,2561.0
奈良県五條市,1010.0
奈良県御所市,716.0
奈良県生駒市,6550.0
奈良県香芝市,4861.0
奈良県葛城市,2348.0
奈良県宇陀市,1029.0
奈良県山添村,95.0
奈良県平群町,754.0
奈良県三郷町,1069.0
奈良県斑鳩町,1567.0
奈良県安堵町,236.0
奈良県川西町,388.0
奈良県三宅町,240.0
奈良県田原本町,1444.0
奈良県曽爾村,
奈良県御杖村,23.0
奈良県高取町,252.0
奈良県明日香村,248.0
奈良県上牧町,846.0
奈良県王寺町,
奈良県広陵町,2170.0
奈良県河合町,635.0
奈良県吉野町,137.0
奈良県大淀町,610.0
奈良県下市町,
奈良県黒滝村,11.0
奈良県天川村,
奈良県野迫川村,
奈良県十津川村,99.0
奈良県下北山村,
奈良県上北山村,
奈良県川上村,35.0
奈良県東吉野村,29.0
和歌山県和歌山市,16881.0
和歌山県海南市,1931.0
和歌山県橋本市,2828.0
和歌山県有田市,1088.0
和歌山県御坊市,962.0
和歌山県田辺市,3100.0
和歌山県新宮市,1148.0
和歌山県紀の川市,2715.0
和歌山県岩出市,2887.0
和歌山県紀美野町,255.0
和歌山県かつらぎ町,713.0
和歌山県九度山町,111.0
和歌山県高野町,93.0
和歌山県湯浅町,480.0
和歌山県広川町,298.0
和歌山県有田川町,1369.0
和歌山県美浜町,271.0
和歌山県日高町,494.0
和歌山県由良町,165.0
和歌山県印南町,337.0
和歌山県みなべ町,545.0
和歌山県日高川町,432.0
和歌山県白浜町,777.0
和歌山県上富田町,917.0
和歌山県すさみ町,118.0
和歌山県那智勝浦町,540.0
和歌山県太地町,105.0
和歌山県古座川町,76.0
和歌山県北山村,26.0
和歌山県串本町,502.0
鳥取県鳥取市,9178.0
鳥取県米子市,7804.0
鳥取県倉吉市,2268.0
鳥取県境港市,1610.0
鳥取県岩美町,463.0
鳥取県若桜町,70.0
鳥取県智頭町,258.0
鳥取県八頭町,739.0
鳥取県三朝町,282.0
鳥取県湯梨浜町,909.0
鳥取県琴浦町,789.0
鳥取県北栄町,781.0
鳥取県日吉津村,237.0
鳥取県大山町,737.0
鳥取県南部町,484.0
鳥取県伯耆町,504.0
鳥取県日南町,119.0
鳥取県日野町,
鳥取県江府町,
島根県松江市,9718.0
島根県浜田市,2341.0
島根県出雲市,9705.0
島根県益田市,2147.0
島根県大田市,1483.0
島根県安来市,1689.0
島根県江津市,966.0
島根県雲南市,1649.0
島根県奥出雲町,478.0
島根県飯南町,173.0
島根県川本町,131.0
島根県美郷町,178.0
島根県邑南町,442.0
島根県津和野町,243.0
島根県吉賀町,214.0
島根県海士町,121.0
島根県西ノ島町,107.0
島根県知夫村,22.0
島根県隠岐の島町,642.0
岡山県岡山市北区,15243.0
岡山県岡山市中区,8663.0
岡山県岡山市東区,4103.0
岡山県岡山市南区,8870.0
岡山県倉敷市,25835.0
岡山県津山市,4944.0
岡山県玉野市,2279.0
岡山県笠岡市,1856.0
岡山県井原市,1511.0
岡山県総社市,4005.0
岡山県高梁市,1017.0
岡山県新見市,1037.0
岡山県備前市,1187.0
岡山県瀬戸内市,1745.0
岡山県赤磐市,2469.0
岡山県真庭市,1986.0
岡山県美作市,1091.0
岡山県浅口市,1409.0
岡山県和気町,527.0
岡山県早島町,865.0
岡山県里庄町,664.0
岡山県矢掛町,586.0
岡山県新庄村,33.0
岡山県鏡野町,622.0
岡山県勝央町,628.0
岡山県奈義町,296.0
岡山県西粟倉村,70.0
岡山県久米南町,139.0
岡山県美咲町,494.0
岡山県吉備中央町,440.0
広島県広島市中区,6480.0
広島市広島市東区,6264.0
広島市広島市南区,7810.0
広島市広島市西区,8990.0
広島市広島市安佐南区,15490.0
広島市広島市安佐北区,6437.0
広島市広島市安芸区,3881.0
広島市広島市佐伯区,8622.0
広島市呉市,8846.0
広島市竹原市,612.0
広島市三原市,4374.0
広島市尾道市,5714.0
広島市福山市,24217.0
広島市府中市,842.0
広島市三次市,2392.0
広島市庄原市,1390.0
広島市大竹市,1184.0
広島市東広島市,11188.0
広島市廿日市市,6385.0
広島市安芸高田市,1135.0
広島市江田島市,670.0
広島市府中町,3214.0
広島市海田町,1844.0
広島市熊野町,1188.0
広島市坂町,691.0
広島市安芸太田町,208.0
広島市北広島町,711.0
広島市大崎上島町,185.0
広島市世羅町,649.0
広島市神石高原町,335.0
山口県下関市,11189.0
山口県宇部市,7674.0
山口県山口市,9905.0
山口県萩市,1527.0
山口県防府市,5982.0
山口県下松市,3047.0
山口県岩国市,5818.0
山口県光市,2342.0
山口県長門市,1197.0
山口県柳井市,1249.0
山口県美祢市,713.0
山口県周南市,6333.0
山口県山陽小野田市,3029.0
山口県周防大島町,364.0
山口県和木町,403.0
山口県上関町,50.0
山口県田布施町,569.0
山口県平生町,440.0
山口県阿武町,104.0
徳島県徳島市,12485.0
徳島県鳴門市,2289.0
徳島県小松島市,1348.0
徳島県阿南市,3323.0
徳島県吉野川市,1599.0
徳島県阿波市,1426.0
徳島県美馬市,1100.0
徳島県三好市,819.0
徳島県勝浦町,181.0
徳島県上勝町,41.0
徳島県佐那河内村,73.0
徳島県石井町,1318.0
徳島県神山町,136.0
徳島県那賀町,227.0
徳島県牟岐町,83.0
徳島県美波町,180.0
徳島県海陽町,264.0
徳島県松茂町,728.0
徳島県北島町,1417.0
徳島県藍住町,2115.0
徳島県板野町,535.0
徳島県上板町,516.0
徳島県つるぎ町,247.0
徳島県東みよし町,635.0
香川県高松市,22283.0
香川県丸亀市,5926.0
香川県坂出市,2494.0
香川県善通寺市,1487.0
香川県観音寺市,2751.0
香川県さぬき市,1792.0
香川県東かがわ市,995.0
香川県三豊市,2935.0
香川県土庄町,495.0
香川県小豆島町,508.0
香川県三木町,1489.0
香川県直島町,115.0
香川県宇多津町,935.0
香川県綾川町,1097.0
香川県琴平町,288.0
香川県多度津町,1024.0
香川県まんのう町,884.0
愛媛県松山市,26027.0
愛媛県今治市,6709.0
愛媛県宇和島市,2871.0
愛媛県八幡浜市,1203.0
愛媛県新居浜市,5691.0
愛媛県西条市,5207.0
愛媛県大洲市,1919.0
愛媛県伊予市,1820.0
愛媛県四国中央市,3856.0
愛媛県西予市,1406.0
愛媛県東温市,1707.0
愛媛県上島町,207.0
愛媛県久万高原町,232.0
愛媛県松前町,1713.0
愛媛県砥部町,1021.0
愛媛県内子町,654.0
愛媛県伊方町,245.0
愛媛県松野町,112.0
愛媛県鬼北町,340.0
愛媛県愛南町,636.0
高知県高知市,15235.0
高知県室戸市,319.0
高知県安芸市,574.0
高知県南国市,2279.0
高知県土佐市,1127.0
高知県須崎市,709.0
高知県宿毛市,809.0
高知県土佐清水市,353.0
高知県四万十市,1503.0
高知県香南市,1633.0
高知県香美市,1117.0
高知県東洋町,37.0
高知県奈半利町,104.0
高知県田野町,108.0
高知県安田町,90.0
高知県北川村,37.0
高知県馬路村,34.0
高知県芸西村,179.0
高知県本山町,124.0
高知県大豊町,
高知県土佐町,154.0
高知県大川村,
高知県いの町,896.0
高知県仁淀川町,133.0
高知県中土佐町,193.0
高知県佐川町,497.0
高知県越知町,154.0
高知県檮原町,135.0
高知県日高村,228.0
高知県津野町,212.0
高知県四万十町,603.0
高知県大月町,121.0
高知県三原村,44.0
高知県黒潮町,362.0
福岡県北九州市門司区,4327.0
福岡県北九州市若松区,4505.0
福岡県北九州市戸畑区,2902.0
福岡県北九州市小倉北区,7657.0
福岡県北九州市小倉南区,10802.0
福岡県北九州市八幡東区,2988.0
福岡県北九州市八幡西区,12481.0
福岡県福岡市東区,18408.0
福岡県福岡市博多区,8733.0
福岡県福岡市中央区,8799.0
福岡県福岡市南区,15464.0
福岡県福岡市西区,12315.0
福岡県福岡市城南区,6762.0
福岡県福岡市早良区,13896.0
福岡県大牟田市,4865.0
福岡県久留米市,17247.0
福岡県直方市,2990.0
福岡県飯塚市,6812.0
福岡県田川市,2319.0
福岡県柳川市,3113.0
福岡県八女市,2804.0
福岡県筑後市,2932.0
福岡県大川市,1371.0
福岡県行橋市,3988.0
福岡県豊前市,1175.0
福岡県中間市,1749.0
福岡県小郡市,3585.0
福岡県筑紫野市,6093.0
福岡県春日市,7219.0
福岡県大野城市,6425.0
福岡県宗像市,5633.0
福岡県太宰府市,4428.0
福岡県古賀市,3516.0
福岡県福津市,4931.0
福岡県うきは市,1432.0
福岡県宮若市,1297.0
福岡県嘉麻市,672.0
福岡県朝倉市,2621.0
福岡県みやま市,1622.0
福岡県糸島市,6199.0
福岡県那珂川市,3196.0
福岡県宇美町,2198.0
福岡県篠栗町,1801.0
福岡県志免町,2928.0
福岡県須惠町,2052.0
福岡県新宮町,2819.0
福岡県久山町,692.0
福岡県粕屋町,3262.0
福岡県芦屋町,666.0
福岡県水巻町,1467.0
福岡県岡垣町,1724.0
福岡県遠賀町,1018.0
福岡県小竹町,256.0
福岡県鞍手町,693.0
福岡県桂川町,651.0
福岡県筑前町,1778.0
福岡県東峰村,68.0
福岡県大刀洗町,938.0
福岡県大木町,861.0
福岡県広川町,1134.0
福岡県香春町,
福岡県添田町,339.0
福岡県糸田町,471.0
福岡県川崎町,695.0
福岡県大任町,302.0
福岡県赤村,152.0
福岡県福智町,707.0
福岡県苅田町,2183.0
福岡県みやこ町,750.0
福岡県吉富町,346.0
福岡県上毛町,461.0
福岡県築上町,736.0
佐賀県佐賀市,12813.0
佐賀県唐津市,6395.0
佐賀県鳥栖市,4440.0
佐賀県多久市,
佐賀県伊万里市,2869.0
佐賀県武雄市,2603.0
佐賀県鹿島市,1527.0
佐賀県小城市,2458.0
佐賀県嬉野市,1289.0
佐賀県神埼市,1540.0
佐賀県吉野ヶ里町,951.0
佐賀県基山町,982.0
佐賀県上峰町,597.0
佐賀県みやき町,1389.0
佐賀県玄海町,
佐賀県有田町,1044.0
佐賀県大町町,
佐賀県江北町,565.0
佐賀県白石町,1049.0
佐賀県太良町,323.0
長崎県長崎市,18952.0
長崎県佐世保市,12611.0
長崎県島原市,2273.0
長崎県諫早市,7383.0
長崎県大村市,6361.0
長崎県平戸市,1369.0
長崎県松浦市,1065.0
長崎県対馬市,1269.0
長崎県壱岐市,1298.0
長崎県五島市,1414.0
長崎県西海市,1160.0
長崎県雲仙市,2070.0
長崎県南島原市,1905.0
長崎県長与町,2352.0
長崎県時津町,1684.0
長崎県東彼杵町,381.0
長崎県川棚町,659.0
長崎県波佐見町,778.0
長崎県小値賀町,81.0
長崎県佐々町,953.0
長崎県新上五島町,597.0
熊本県熊本市中央区,8803.0
熊本県熊本市東区,11651.0
熊本県熊本市西区,4208.0
熊本県熊本市南区,8711.0
熊本県熊本市北区,7486.0
熊本県八代市,6098.0
熊本県人吉市,1527.0
熊本県荒尾市,2587.0
熊本県水俣市,1032.0
熊本県玉名市,3281.0
熊本県山鹿市,2477.0
熊本県菊池市,2467.0
熊本県宇土市,1988.0
熊本県上天草市,1009.0
熊本県宇城市,2982.0
熊本県阿蘇市,1190.0
熊本県天草市,3278.0
熊本県合志市,5097.0
熊本県美里町,286.0
熊本県玉東町,313.0
熊本県南関町,388.0
熊本県長洲町,775.0
熊本県和水町,425.0
熊本県大津町,2507.0
熊本県菊陽町,3026.0
熊本県南小国町,175.0
熊本県小国町,257.0
熊本県産山村,
熊本県高森町,233.0
熊本県西原村,394.0
熊本県南阿蘇村,433.0
熊本県御船町,1001.0
熊本県嘉島町,811.0
熊本県益城町,2249.0
熊本県甲佐町,535.0
熊本県山都町,481.0
熊本県氷川町,485.0
熊本県芦北町,624.0
熊本県津奈木町,181.0
熊本県錦町,623.0
熊本県多良木町,413.0
熊本県湯前町,167.0
熊本県水上村,
熊本県相良村,184.0
熊本県五木村,24.0
熊本県山江村,209.0
熊本県球磨村,97.0
熊本県あさぎり町,786.0
熊本県苓北町,304.0
大分県大分市,25315.0
大分県別府市,4955.0
大分県中津市,4555.0
大分県日田市,3022.0
大分県佐伯市,2845.0
大分県臼杵市,1495.0
大分県津久見市,554.0
大分県竹田市,702.0
大分県豊後高田市,1022.0
大分県杵築市,1174.0
大分県宇佐市,2524.0
大分県豊後大野市,1341.0
大分県由布市,1778.0
大分県国東市,784.0
大分県姫島村,57.0
大分県日出町,1518.0
大分県九重町,378.0
大分県玖珠町,606.0
宮崎県宮崎市,22546.0
宮崎県都城市,9125.0
宮崎県延岡市,5934.0
宮崎県日南市,2344.0
宮崎県小林市,2209.0
宮崎県日向市,3168.0
宮崎県串間市,873.0
宮崎県西都市,1361.0
宮崎県えびの市,791.0
宮崎県三股町,1938.0
宮崎県高原町,415.0
宮崎県国富町,869.0
宮崎県綾町,390.0
宮崎県高鍋町,1018.0
宮崎県新富町,928.0
宮崎県西米良村,55.0
宮崎県木城町,
宮崎県川南町,772.0
宮崎県都農町,530.0
宮崎県門川町,939.0
宮崎県諸塚村,62.0
宮崎県椎葉村,114.0
宮崎県美郷町,62.0
宮崎県高千穂町,506.0
宮崎県日之影町,120.0
宮崎県五ヶ瀬町,127.0
鹿児島県鹿児島市,33373.0
鹿児島県鹿屋市,6292.0
鹿児島県枕崎市,812.0
鹿児島県阿久根市,822.0
鹿児島県出水市,2877.0
鹿児島県指宿市,1836.0
鹿児島県西之表市,740.0
鹿児島県垂水市,522.0
鹿児島県薩摩川内市,4876.0
鹿児島県日置市,2298.0
鹿児島県曽於市,1490.0
鹿児島県霧島市,7278.0
鹿児島県いちき串木野市,1295.0
鹿児島県南さつま市,1160.0
鹿児島県志布志市,1658.0
鹿児島県奄美市,2256.0
鹿児島県南九州市,1472.0
鹿児島県伊佐市,1053.0
鹿児島県姶良市,4853.0
鹿児島県三島村,
鹿児島県十島村,63.0
鹿児島県さつま町,839.0
鹿児島県長島町,555.0
鹿児島県湧水町,346.0
鹿児島県大崎町,589.0
鹿児島県東串良町,372.0
鹿児島県錦江町,253.0
鹿児島県南大隅町,219.0
鹿児島県肝付町,646.0
鹿児島県中種子町,375.0
鹿児島県南種子町,338.0
鹿児島県屋久島町,662.0
鹿児島県大和村,57.0
鹿児島県宇検村,94.0
鹿児島県瀬戸内町,394.0
鹿児島県龍郷町,409.0
鹿児島県喜界町,313.0
鹿児島県徳之島町,643.0
鹿児島県天城町,313.0
鹿児島県伊仙町,431.0
鹿児島県和泊町,384.0
鹿児島県知名町,373.0
鹿児島県与論町,323.0
沖縄県那覇市,18361.0
沖縄県宜野湾市,7037.0
沖縄県石垣市,3360.0
沖縄県浦添市,7554.0
沖縄県名護市,4392.0
沖縄県糸満市,4538.0
沖縄県沖縄市,9405.0
沖縄県豊見城市,5251.0
沖縄県うるま市,8912.0
沖縄県宮古島市,3480.0
沖縄県南城市,3432.0
沖縄県国頭村,220.0
沖縄県大宜味村,138.0
沖縄県東村,95.0
沖縄県今帰仁村,583.0
沖縄県本部町,819.0
沖縄県恩納村,653.0
沖縄県宜野座村,510.0
沖縄県金武町,817.0
沖縄県伊江村,248.0
沖縄県読谷村,3015.0
沖縄県嘉手納町,940.0
沖縄県北谷町,2102.0
沖縄県北中城村,1338.0
沖縄県中城村,1477.0
沖縄県西原町,2923.0
沖縄県与那原町,1446.0
沖縄県南風原町,3365.0
沖縄県渡嘉敷村,51.0
沖縄県座間味村,57.0
沖縄県粟国村,27.0
沖縄県渡名喜村,12.0
沖縄県南大東村,83.0
沖縄県北大東村,37.0
沖縄県伊平屋村,68.0
沖縄県伊是名村,99.0
沖縄県久米島町,399.0
沖縄県八重瀬町,2767.0
沖縄県多良間村,65.0
沖縄県竹富町,289.0
沖縄県与那国町,107.0
