都道府県,市区町村名,人数
北海道,札幌市中央区,9664
北海道,札幌市北区,14444
北海道,札幌市東区,11587
北海道,札幌市白石区,8404
北海道,札幌市豊平区,9829
北海道,札幌市南区,5658
北海道,札幌市西区,10097
北海道,札幌市厚別区,4897
北海道,札幌市手稲区,7103
北海道,札幌市清田区,5748
北海道,函館市,8835
北海道,小樽市,3550
北海道,旭川市,13572
北海道,室蘭市,2859
北海道,釧路市,5708
北海道,帯広市,6975
北海道,北見市,4683
北海道,夕張市,129
北海道,岩見沢市,3041
北海道,網走市,1316
北海道,留萌市,642
北海道,苫小牧市,8046
北海道,稚内市,1268
北海道,美唄市,551
北海道,芦別市,293
北海道,江別市,5842
北海道,赤平市,219
北海道,紋別市,705
北海道,士別市,559
北海道,名寄市,1098
北海道,三笠市,248
北海道,根室市,731
北海道,千歳市,5146
北海道,滝川市,1412
北海道,砂川市,536
北海道,歌志内市,－
北海道,深川市,670
北海道,富良野市,784
北海道,登別市,1784
北海道,恵庭市,3581
北海道,伊達市,1223
北海道,北広島市,2647
北海道,石狩市,2849
北海道,北斗市,1951
北海道,当別町,212
北海道,新篠津村,128
北海道,松前町,123
北海道,福島町,95
北海道,知内町,120
北海道,木古内町,81
北海道,七飯町,1236
北海道,鹿部町,115
北海道,森町,468
北海道,八雲町,552
北海道,長万部町,149
北海道,江差町,197
北海道,上ノ国町,147
北海道,厚沢部町,131
北海道,乙部町,87
北海道,奥尻町,70
北海道,今金町,176
北海道,せたな町,202
北海道,島牧村,48
北海道,寿都町,106
北海道,黒松内町,105
北海道,蘭越町,200
北海道,ニセコ町,286
北海道,真狩村,77
北海道,留寿都村,80
北海道,喜茂別町,62
北海道,京極町,109
北海道,倶知安町,755
北海道,共和町,233
北海道,岩内町,393
北海道,泊村,44
北海道,神恵内村,20
北海道,積丹町,56
北海道,古平町,82
北海道,仁木町,137
北海道,余市町,659
北海道,赤井川村,42
北海道,南幌町,336
北海道,奈井江町,179
北海道,上砂川町,68
北海道,由仁町,185
北海道,長沼町,446
北海道,栗山町,408
北海道,月形町,80
北海道,浦臼町,55
北海道,新十津川町,336
北海道,妹背牛町,71
北海道,秩父別町,100
北海道,雨竜町,84
北海道,北竜町,61
北海道,沼田町,98
北海道,鷹栖町,298
北海道,東神楽町,646
北海道,当麻町,272
北海道,比布町,－
北海道,愛別町,89
北海道,上川町,88
北海道,東川町,518
北海道,美瑛町,372
北海道,上富良野町,442
北海道,中富良野町,197
北海道,南富良野町,114
北海道,占冠村,30
北海道,和寒町,109
北海道,剣淵町,91
北海道,下川町,114
北海道,美深町,124
北海道,音威子府村,11
北海道,中川町,55
北海道,幌加内町,42
北海道,増毛町,118
北海道,小平町,105
北海道,苫前町,106
北海道,羽幌町,202
北海道,初山別村,44
北海道,遠別町,93
北海道,天塩町,106
北海道,猿払村,148
北海道,浜頓別町,121
北海道,中頓別町,54
北海道,枝幸町,259
北海道,豊富町,139
北海道,礼文町,80
北海道,利尻町,71
北海道,利尻富士町,85
北海道,幌延町,102
北海道,美幌町,671
北海道,津別町,153
北海道,斜里町,437
北海道,清里町,182
北海道,小清水町,216
北海道,訓子府町,224
北海道,置戸町,110
北海道,佐呂間町,149
北海道,遠軽町,712
北海道,湧別町,160
北海道,滝上町,73
北海道,興部町,178
北海道,西興部村,34
北海道,雄武町,159
北海道,大空町,295
北海道,豊浦町,189
北海道,壮瞥町,85
北海道,白老町,414
北海道,厚真町,219
北海道,洞爺湖町,258
北海道,安平町,111
北海道,むかわ町,277
北海道,日高町,431
北海道,平取町,215
北海道,新冠町,251
北海道,浦河町,422
北海道,様似町,137
北海道,えりも町,199
北海道,新ひだか町,887
北海道,音更町,2152
北海道,士幌町,260
北海道,上士幌町,216
北海道,鹿追町,277
北海道,新得町,211
北海道,清水町,349
北海道,芽室町,945
北海道,中札内村,197
北海道,更別村,146
北海道,大樹町,233
北海道,広尾町,226
北海道,幕別町,1257
北海道,池田町,190
北海道,豊頃町,104
北海道,本別町,219
北海道,足寄町,266
北海道,陸別町,68
北海道,浦幌町,163
北海道,釧路町,807
北海道,厚岸町,292
北海道,浜中町,241
北海道,標茶町,299
北海道,弟子屈町,217
北海道,鶴居村,116
北海道,白糠町,8
北海道,別海町,700
北海道,中標津町,1018
北海道,標津町,255
北海道,羅臼町,189
青森県,青森市,11363
青森県,弘前市,6959
青森県,八戸市,10083
青森県,黒石市,1242
青森県,五所川原市,1990
青森県,十和田市,2532
青森県,三沢市,1868
青森県,むつ市,2196
青森県,つがる市,1123
青森県,平川市,1338
青森県,平内町,349
青森県,今別町,38
青森県,蓬田村,107
青森県,外ヶ浜町,93
青森県,鰺ヶ沢町,250
青森県,深浦町,169
青森県,西目屋村,72
青森県,藤崎町,658
青森県,大鰐町,253
青森県,田舎館村,340
青森県,板柳町,455
青森県,鶴田町,494
青森県,中泊町,275
青森県,野辺地町,426
青森県,七戸町,528
青森県,六戸町,571
青森県,横浜町,137
青森県,東北町,691
青森県,六ヶ所村,381
青森県,おいらせ町,1404
青森県,大間町,175
青森県,東通村,220
青森県,風間浦村,43
青森県,佐井村,34
青森県,三戸町,292
青森県,五戸町,558
青森県,田子町,141
青森県,南部町,596
青森県,階上町,527
青森県,新郷村,64
岩手県,盛岡市,13551
岩手県,宮古市,1825
岩手県,大船渡市,1297
岩手県,花巻市,4112
岩手県,北上市,4484
岩手県,久慈市,1324
岩手県,遠野市,941
岩手県,一関市,4321
岩手県,陸前高田市,632
岩手県,釜石市,1098
岩手県,二戸市,957
岩手県,八幡平市,848
岩手県,奥州市,4881
岩手県,滝沢市,3066
岩手県,雫石町,642
岩手県,葛巻町,144
岩手県,岩手町,405
岩手県,紫波町,1681
岩手県,矢巾町,1383
岩手県,西和賀町,127
岩手県,金ケ崎町,714
岩手県,平泉町,322
岩手県,住田町,133
岩手県,大槌町,77
岩手県,山田町,557
岩手県,岩泉町,282
岩手県,田野畑村,115
岩手県,普代村,73
岩手県,軽米町,274
岩手県,野田村,192
岩手県,九戸村,195
岩手県,洋野町,532
岩手県,一戸町,361
宮城県,仙台市青葉区,14166
宮城県,仙台市宮城野区,8884
宮城県,仙台市若林区,7208
宮城県,仙台市太白区,11957
宮城県,仙台市泉区,10050
宮城県,石巻市,5718
宮城県,塩竈市,2311
宮城県,気仙沼市,2059
宮城県,白石市,1237
宮城県,名取市,4688
宮城県,角田市,998
宮城県,多賀城市,3326
宮城県,岩沼市,2302
宮城県,登米市,3241
宮城県,栗原市,2135
宮城県,東松島市,1927
宮城県,大崎市,5689
宮城県,富谷市,3240
宮城県,蔵王町,463
宮城県,七ヶ宿町,45
宮城県,大河原町,1235
宮城県,村田町,400
宮城県,柴田町,1672
宮城県,川崎町,274
宮城県,丸森町,447
宮城県,亘理町,1518
宮城県,山元町,474
宮城県,松島町,497
宮城県,七ヶ浜町,754
宮城県,利府町,2051
宮城県,大和町,1605
宮城県,大郷町,348
宮城県,大衡村,386
宮城県,色麻町,－
宮城県,加美町,887
宮城県,涌谷町,553
宮城県,美里町,1068
宮城県,女川町,210
宮城県,南三陸町,439
秋田県,秋田市,12982
秋田県,能代市,1532
秋田県,横手市,3180
秋田県,大館市,2384
秋田県,男鹿市,641
秋田県,湯沢市,1341
秋田県,鹿角市,1020
秋田県,由利本荘市,2767
秋田県,潟上市,1383
秋田県,大仙市,2934
秋田県,北秋田市,847
秋田県,にかほ市,824
秋田県,仙北市,767
秋田県,小坂町,131
秋田県,上小阿仁村,44
秋田県,藤里町,－
秋田県,三種町,418
秋田県,八峰町,141
秋田県,五城目町,233
秋田県,八郎潟町,154
秋田県,井川町,－
秋田県,大潟村,129
秋田県,美郷町,702
秋田県,羽後町,493
秋田県,東成瀬村,69
山形県,山形市,11527
山形県,米沢市,3217
山形県,鶴岡市,5090
山形県,酒田市,3914
山形県,新庄市,867
山形県,寒河江市,1998
山形県,上山市,1024
山形県,村山市,811
山形県,長井市,1082
山形県,天童市,3199
山形県,東根市,2655
山形県,尾花沢市,548
山形県,南陽市,1306
山形県,山辺町,651
山形県,中山町,466
山形県,河北町,763
山形県,西川町,147
山形県,朝日町,189
山形県,大江町,313
山形県,大石田町,233
山形県,金山町,201
山形県,最上町,315
山形県,舟形町,178
山形県,真室川町,270
山形県,大蔵村,122
山形県,鮭川村,161
山形県,戸沢村,－
山形県,高畠町,1036
山形県,川西町,561
山形県,小国町,252
山形県,白鷹町,502
山形県,飯豊町,298
山形県,三川町,421
山形県,庄内町,838
山形県,遊佐町,452
福島県,福島市,12612
福島県,会津若松市,4934
福島県,郡山市,15770
福島県,いわき市,15287
福島県,白河市,2745
福島県,須賀川市,3614
福島県,喜多方市,2053
福島県,相馬市,1730
福島県,二本松市,2243
福島県,田村市,1417
福島県,南相馬市,2102
福島県,伊達市,2446
福島県,本宮市,1596
福島県,桑折町,484
福島県,国見町,276
福島県,川俣町,328
福島県,大玉村,582
福島県,鏡石町,704
福島県,天栄村,192
福島県,下郷町,156
福島県,檜枝岐村,31
福島県,只見町,125
福島県,南会津町,469
福島県,北塩原村,73
福島県,西会津町,191
福島県,磐梯町,165
福島県,猪苗代町,538
福島県,会津坂下町,613
福島県,湯川村,149
福島県,柳津町,124
福島県,三島町,43
福島県,金山町,34
福島県,昭和村,26
福島県,会津美里町,583
福島県,西郷村,1119
福島県,泉崎村,325
福島県,中島村,251
福島県,矢吹町,857
福島県,棚倉町,625
福島県,矢祭町,249
福島県,塙町,339
福島県,鮫川村,104
福島県,石川町,499
福島県,玉川村,285
福島県,平田村,228
福島県,浅川町,256
福島県,古殿町,148
福島県,三春町,796
福島県,小野町,363
福島県,広野町,141
福島県,楢葉町,153
福島県,富岡町,61
福島県,川内村,－
福島県,大熊町,－
福島県,双葉町,21
福島県,浪江町,48
福島県,葛尾村,16
福島県,新地町,397
福島県,飯舘村,－
茨城県,水戸市,13697
茨城県,日立市,6393
茨城県,土浦市,5754
茨城県,古河市,6457
茨城県,石岡市,2966
茨城県,結城市,2385
茨城県,龍ケ崎市,3221
茨城県,下妻市,1962
茨城県,常総市,2614
茨城県,常陸太田市,1724
茨城県,高萩市,1046
茨城県,北茨城市,1659
茨城県,笠間市,3178
茨城県,取手市,4762
茨城県,牛久市,3965
茨城県,つくば市,12251
茨城県,ひたちなか市,7176
茨城県,鹿嶋市,3190
茨城県,潮来市,1156
茨城県,守谷市,4407
茨城県,常陸大宮市,1485
茨城県,那珂市,2521
茨城県,筑西市,3747
茨城県,坂東市,2260
茨城県,稲敷市,1237
茨城県,かすみがうら市,1430
茨城県,桜川市,1125
茨城県,神栖市,4617
茨城県,行方市,1255
茨城県,鉾田市,1835
茨城県,つくばみらい市,4185
茨城県,小美玉市,1518
茨城県,茨城町,1277
茨城県,大洗町,574
茨城県,城里町,612
茨城県,東海村,2119
茨城県,大子町,384
茨城県,美浦村,512
茨城県,阿見町,2583
茨城県,河内町,－
茨城県,八千代町,912
茨城県,五霞町,292
茨城県,境町,1232
茨城県,利根町,413
栃木県,宇都宮市,26608
栃木県,足利市,5723
栃木県,栃木市,6907
栃木県,佐野市,4349
栃木県,鹿沼市,4300
栃木県,日光市,2822
栃木県,小山市,8112
栃木県,真岡市,4021
栃木県,大田原市,3255
栃木県,矢板市,1249
栃木県,那須塩原市,5624
栃木県,さくら市,2446
栃木県,那須烏山市,904
栃木県,下野市,2410
栃木県,上三川町,1577
栃木県,益子町,987
栃木県,茂木町,368
栃木県,市貝町,479
栃木県,芳賀町,808
栃木県,壬生町,1847
栃木県,野木町,1180
栃木県,塩谷町,319
栃木県,高根沢町,1311
栃木県,那須町,840
栃木県,那珂川町,457
群馬県,前橋市,15795
群馬県,高崎市,17909
群馬県,桐生市,3638
群馬県,伊勢崎市,10402
群馬県,太田市,11375
群馬県,沼田市,1787
群馬県,館林市,3205
群馬県,渋川市,2873
群馬県,藤岡市,2489
群馬県,富岡市,1942
群馬県,安中市,2069
群馬県,みどり市,2299
群馬県,榛東村,803
群馬県,吉岡町,1428
群馬県,上野村,57
群馬県,神流町,20
群馬県,下仁田町,122
群馬県,南牧村,－
群馬県,甘楽町,525
群馬県,中之条町,481
群馬県,長野原町,152
群馬県,嬬恋村,323
群馬県,草津町,174
群馬県,高山村,121
群馬県,東吾妻町,397
群馬県,片品村,103
群馬県,川場村,141
群馬県,昭和村,305
群馬県,みなかみ町,595
群馬県,玉村町,1739
群馬県,板倉町,493
群馬県,明和町,485
群馬県,千代田町,490
群馬県,大泉町,1929
群馬県,邑楽町,1090
埼玉県,さいたま市西区,4854
埼玉県,さいたま市北区,7755
埼玉県,さいたま市大宮区,6709
埼玉県,さいたま市見沼区,7259
埼玉県,さいたま市中央区,4879
埼玉県,さいたま市桜区,3996
埼玉県,さいたま市浦和区,10923
埼玉県,さいたま市南区,10158
埼玉県,さいたま市緑区,9330
埼玉県,さいたま市岩槻区,4970
埼玉県,川越市,17320
埼玉県,熊谷市,8536
埼玉県,川口市,28661
埼玉県,行田市,3218
埼玉県,秩父市,2546
埼玉県,所沢市,15880
埼玉県,飯能市,3450
埼玉県,加須市,4906
埼玉県,本庄市,3548
埼玉県,東松山市,4382
埼玉県,春日部市,9411
埼玉県,狭山市,6420
埼玉県,羽生市,2297
埼玉県,鴻巣市,5340
埼玉県,深谷市,6592
埼玉県,上尾市,10786
埼玉県,草加市,11269
埼玉県,越谷市,17236
埼玉県,蕨市,3215
埼玉県,戸田市,7888
埼玉県,入間市,6456
埼玉県,朝霞市,7712
埼玉県,志木市,4147
埼玉県,和光市,4350
埼玉県,新座市,8459
埼玉県,桶川市,3430
埼玉県,久喜市,6655
埼玉県,北本市,2560
埼玉県,八潮市,4223
埼玉県,富士見市,5648
埼玉県,三郷市,7447
埼玉県,蓮田市,2673
埼玉県,坂戸市,4470
埼玉県,幸手市,1890
埼玉県,鶴ヶ島市,2968
埼玉県,日高市,1962
埼玉県,吉川市,4015
埼玉県,ふじみ野市,5972
埼玉県,白岡市,2676
埼玉県,伊奈町,2307
埼玉県,三芳町,1792
埼玉県,毛呂山町,1081
埼玉県,越生町,353
埼玉県,滑川町,1276
埼玉県,嵐山町,683
埼玉県,小川町,855
埼玉県,川島町,672
埼玉県,吉見町,599
埼玉県,鳩山町,405
埼玉県,ときがわ町,360
埼玉県,横瀬町,307
埼玉県,皆野町,344
埼玉県,長瀞町,247
埼玉県,小鹿野町,324
埼玉県,東秩父村,59
埼玉県,美里町,474
埼玉県,神川町,522
埼玉県,上里町,1348
埼玉県,寄居町,1237
埼玉県,宮代町,1578
埼玉県,杉戸町,1798
埼玉県,松伏町,1200
千葉県,千葉市中央区,8633
千葉県,千葉市花見川区,7456
千葉県,千葉市稲毛区,8384
千葉県,千葉市若葉区,5686
千葉県,千葉市緑区,7243
千葉県,千葉市美浜区,7703
千葉県,銚子市,1603
千葉県,市川市,23170
千葉県,船橋市,32354
千葉県,館山市,1598
千葉県,木更津市,7274
千葉県,松戸市,22648
千葉県,野田市,6766
千葉県,茂原市,3425
千葉県,成田市,6004
千葉県,佐倉市,7508
千葉県,東金市,2380
千葉県,旭市,2782
千葉県,習志野市,8895
千葉県,柏市,22125
千葉県,勝浦市,430
千葉県,市原市,11884
千葉県,流山市,14205
千葉県,八千代市,9792
千葉県,我孫子市,5457
千葉県,鴨川市,1029
千葉県,鎌ケ谷市,4880
千葉県,君津市,3294
千葉県,富津市,1413
千葉県,浦安市,8202
千葉県,四街道市,5288
千葉県,袖ケ浦市,3762
千葉県,八街市,2316
千葉県,印西市,7808
千葉県,白井市,3267
千葉県,富里市,2026
千葉県,南房総市,1180
千葉県,匝瑳市,1361
千葉県,香取市,2521
千葉県,山武市,1661
千葉県,いすみ市,1266
千葉県,大網白里市,1991
千葉県,酒々井町,730
千葉県,栄町,668
千葉県,神崎町,207
千葉県,多古町,503
千葉県,東庄町,471
千葉県,九十九里町,418
千葉県,芝山町,254
千葉県,横芝光町,924
千葉県,一宮町,631
千葉県,睦沢町,271
千葉県,長生村,494
千葉県,白子町,389
千葉県,長柄町,183
千葉県,長南町,231
千葉県,大多喜町,281
千葉県,御宿町,181
千葉県,鋸南町,193
東京都,千代田区,5235
東京都,中央区,9365
東京都,港区,12033
東京都,新宿区,10928
東京都,文京区,13681
東京都,台東区,7087
東京都,墨田区,10473
東京都,江東区,24584
東京都,品川区,14583
東京都,目黒区,11062
東京都,大田区,29984
東京都,世田谷区,42583
東京都,渋谷区,9623
東京都,中野区,11844
東京都,杉並区,23381
東京都,豊島区,10489
東京都,北区,14498
東京都,荒川区,8963
東京都,板橋区,24164
東京都,練馬区,34220
東京都,足立区,29127
東京都,葛飾区,20289
東京都,江戸川区,32110
東京都,八王子市,23656
東京都,立川市,8767
東京都,武蔵野市,8102
東京都,三鷹市,9874
東京都,青梅市,5216
東京都,府中市,13860
東京都,昭島市,5816
東京都,調布市,12567
東京都,町田市,21436
東京都,小金井市,6881
東京都,小平市,10874
東京都,日野市,9309
東京都,東村山市,6828
東京都,国分寺市,6938
東京都,国立市,4552
東京都,福生市,2131
東京都,狛江市,3927
東京都,東大和市,4223
東京都,清瀬市,3626
東京都,東久留米市,5936
東京都,武蔵村山市,3632
東京都,多摩市,6800
東京都,稲城市,5445
東京都,羽村市,2464
東京都,あきる野市,3885
東京都,西東京市,9928
東京都,瑞穂町,1421
東京都,日の出町,943
東京都,檜原村,59
東京都,奥多摩町,141
東京都,大島町,290
東京都,利島村,－
東京都,新島村,98
東京都,神津島村,106
東京都,三宅村,96
東京都,御蔵島村,29
東京都,八丈町,318
東京都,青ヶ島村,6
東京都,小笠原村,138
神奈川県,横浜市鶴見区,14431
神奈川県,横浜市神奈川区,10923
神奈川県,横浜市西区,4121
神奈川県,横浜市中区,5476
神奈川県,横浜市南区,8458
神奈川県,横浜市保土ケ谷区,8746
神奈川県,横浜市磯子区,7700
神奈川県,横浜市金沢区,8219
神奈川県,横浜市港北区,17522
神奈川県,横浜市戸塚区,13817
神奈川県,横浜市港南区,9141
神奈川県,横浜市旭区,11082
神奈川県,横浜市緑区,9270
神奈川県,横浜市瀬谷区,5370
神奈川県,横浜市栄区,5390
神奈川県,横浜市泉区,6159
神奈川県,横浜市青葉区,16177
神奈川県,横浜市都筑区,12494
神奈川県,川崎市川崎区,9605
神奈川県,川崎市幸区,8596
神奈川県,川崎市中原区,13383
神奈川県,川崎市高津区,12101
神奈川県,川崎市多摩区,8966
神奈川県,川崎市宮前区,12404
神奈川県,川崎市麻生区,9431
神奈川県,相模原市緑区,8285
神奈川県,相模原市中央区,12153
神奈川県,相模原市南区,12749
神奈川県,横須賀市,15831
神奈川県,平塚市,11611
神奈川県,鎌倉市,8919
神奈川県,藤沢市,24346
神奈川県,小田原市,8138
神奈川県,茅ヶ崎市,12769
神奈川県,逗子市,2658
神奈川県,三浦市,1312
神奈川県,秦野市,7021
神奈川県,厚木市,10244
神奈川県,大和市,11869
神奈川県,伊勢原市,4574
神奈川県,海老名市,7092
神奈川県,座間市,5933
神奈川県,南足柄市,1746
神奈川県,綾瀬市,4324
神奈川県,葉山町,1751
神奈川県,寒川町,2578
神奈川県,大磯町,1520
神奈川県,二宮町,1135
神奈川県,中井町,305
神奈川県,大井町,744
神奈川県,松田町,413
神奈川県,山北町,342
神奈川県,開成町,1150
神奈川県,箱根町,275
神奈川県,真鶴町,196
神奈川県,湯河原町,618
神奈川県,愛川町,1638
神奈川県,清川村,107
新潟県,新潟市北区,3274
新潟県,新潟市東区,6038
新潟県,新潟市中央区,8053
新潟県,新潟市江南区,3500
新潟県,新潟市秋葉区,3637
新潟県,新潟市南区,2037
新潟県,新潟市西区,7618
新潟県,新潟市西蒲区,2287
新潟県,長岡市,12108
新潟県,三条市,3624
新潟県,柏崎市,3198
新潟県,新発田市,4435
新潟県,小千谷市,1377
新潟県,加茂市,887
新潟県,十日町市,1992
新潟県,見附市,1838
新潟県,村上市,2123
新潟県,燕市,3448
新潟県,糸魚川市,1469
新潟県,妙高市,1268
新潟県,五泉市,1893
新潟県,上越市,8501
新潟県,阿賀野市,1752
新潟県,佐渡市,1945
新潟県,魚沼市,1347
新潟県,南魚沼市,2546
新潟県,胎内市,1210
新潟県,聖籠町,879
新潟県,弥彦村,339
新潟県,田上町,412
新潟県,阿賀町,221
新潟県,出雲崎町,148
新潟県,湯沢町,261
新潟県,津南町,353
新潟県,刈羽村,223
新潟県,関川村,174
新潟県,粟島浦村,11
富山県,富山市,18868
富山県,高岡市,6903
富山県,魚津市,1539
富山県,氷見市,1454
富山県,滑川市,1618
富山県,黒部市,1823
富山県,砺波市,2220
富山県,小矢部市,1132
富山県,南砺市,1863
富山県,射水市,4610
富山県,舟橋村,194
富山県,上市町,713
富山県,立山町,1068
富山県,入善町,837
富山県,朝日町,354
石川県,金沢市,22591
石川県,七尾市,1816
石川県,小松市,5375
石川県,輪島市,403
石川県,珠洲市,209
石川県,加賀市,2596
石川県,羽咋市,757
石川県,かほく市,1993
石川県,白山市,6092
石川県,能美市,2696
石川県,野々市市,3255
石川県,川北町,403
石川県,津幡町,2023
石川県,内灘町,1402
石川県,志賀町,590
石川県,宝達志水町,411
石川県,中能登町,774
石川県,穴水町,173
石川県,能登町,394
福井県,福井市,12451
福井県,敦賀市,3174
福井県,小浜市,1413
福井県,大野市,1336
福井県,勝山市,955
福井県,鯖江市,3716
福井県,あわら市,1168
福井県,越前市,3939
福井県,坂井市,4540
福井県,永平寺町,784
福井県,池田町,69
福井県,南越前町,428
福井県,越前町,883
福井県,美浜町,367
福井県,高浜町,457
福井県,おおい町,413
福井県,若狭町,662
山梨県,甲府市,8814
山梨県,富士吉田市,2079
山梨県,都留市,1195
山梨県,山梨市,1457
山梨県,大月市,613
山梨県,韮崎市,1119
山梨県,南アルプス市,3722
山梨県,北杜市,1732
山梨県,甲斐市,3925
山梨県,笛吹市,3037
山梨県,上野原市,692
山梨県,甲州市,1230
山梨県,中央市,1480
山梨県,市川三郷町,600
山梨県,早川町,27
山梨県,身延町,235
山梨県,南部町,209
山梨県,富士川町,557
山梨県,昭和町,1325
山梨県,道志村,52
山梨県,西桂町,192
山梨県,忍野村,573
山梨県,山中湖村,234
山梨県,鳴沢村,139
山梨県,富士河口湖町,1501
山梨県,小菅村,20
山梨県,丹波山村,15
長野県,長野市,17387
長野県,松本市,11885
長野県,上田市,7279
長野県,岡谷市,1981
長野県,飯田市,4741
長野県,諏訪市,2201
長野県,須坂市,2350
長野県,小諸市,1855
長野県,伊那市,3345
長野県,駒ヶ根市,1498
長野県,中野市,2088
長野県,大町市,835
長野県,飯山市,745
長野県,茅野市,2769
長野県,塩尻市,3114
長野県,佐久市,5113
長野県,千曲市,2820
長野県,東御市,1415
長野県,安曇野市,4607
長野県,小海町,142
長野県,川上村,182
長野県,南牧村,115
長野県,南相木村,55
長野県,北相木村,49
長野県,佐久穂町,624
長野県,軽井沢町,1008
長野県,御代田町,838
長野県,立科町,252
長野県,青木村,177
長野県,長和町,196
長野県,下諏訪町,764
長野県,富士見町,672
長野県,原村,412
長野県,辰野町,823
長野県,箕輪町,1169
長野県,飯島町,415
長野県,南箕輪村,1039
長野県,中川村,234
長野県,宮田村,465
長野県,松川町,630
長野県,高森町,698
長野県,阿南町,153
長野県,阿智村,329
長野県,平谷村,17
長野県,根羽村,－
長野県,下條村,164
長野県,売木村,18
長野県,天龍村,33
長野県,泰阜村,72
長野県,喬木村,302
長野県,豊丘村,335
長野県,大鹿村,42
長野県,上松町,148
長野県,南木曽町,138
長野県,木祖村,95
長野県,王滝村,11
長野県,大桑村,105
長野県,木曽町,346
長野県,麻績村,94
長野県,生坂村,65
長野県,山形村,442
長野県,朝日村,204
長野県,筑北村,120
長野県,池田町,388
長野県,松川村,435
長野県,白馬村,362
長野県,小谷村,98
長野県,坂城町,566
長野県,小布施町,572
長野県,高山村,253
長野県,山ノ内町,379
長野県,木島平村,209
長野県,野沢温泉村,140
長野県,信濃町,－
長野県,小川村,69
長野県,飯綱町,415
長野県,栄村,44
岐阜県,岐阜市,18985
岐阜県,大垣市,7723
岐阜県,高山市,4005
岐阜県,多治見市,4761
岐阜県,関市,3998
岐阜県,中津川市,3551
岐阜県,美濃市,805
岐阜県,瑞浪市,1632
岐阜県,羽島市,3308
岐阜県,恵那市,2119
岐阜県,美濃加茂市,3543
岐阜県,土岐市,2496
岐阜県,各務原市,7443
岐阜県,可児市,5363
岐阜県,山県市,1008
岐阜県,瑞穂市,3334
岐阜県,飛騨市,953
岐阜県,本巣市,1572
岐阜県,郡上市,1800
岐阜県,下呂市,1174
岐阜県,海津市,1186
岐阜県,岐南町,1431
岐阜県,笠松町,1028
岐阜県,養老町,1028
岐阜県,垂井町,1181
岐阜県,関ケ原町,195
岐阜県,神戸町,842
岐阜県,輪之内町,452
岐阜県,安八町,744
岐阜県,揖斐川町,651
岐阜県,大野町,1096
岐阜県,池田町,1207
岐阜県,北方町,－
岐阜県,坂祝町,453
岐阜県,富加町,347
岐阜県,川辺町,519
岐阜県,七宗町,103
岐阜県,八百津町,419
岐阜県,白川町,209
岐阜県,東白川村,69
岐阜県,御嵩町,875
岐阜県,白川村,－
静岡県,静岡市葵区,11861
静岡県,静岡市駿河区,8914
静岡県,静岡市清水区,9776
静岡県,浜松市中央区,29061
静岡県,浜松市浜名区,10132
静岡県,浜松市天竜区,797
静岡県,沼津市,7719
静岡県,熱海市,715
静岡県,三島市,5024
静岡県,富士宮市,6040
静岡県,伊東市,2015
静岡県,島田市,4795
静岡県,富士市,12010
静岡県,磐田市,8524
静岡県,焼津市,6266
静岡県,掛川市,6289
静岡県,藤枝市,7168
静岡県,御殿場市,4128
静岡県,袋井市,4922
静岡県,下田市,641
静岡県,裾野市,2468
静岡県,湖西市,2672
静岡県,伊豆市,835
静岡県,御前崎市,1426
静岡県,菊川市,2557
静岡県,伊豆の国市,2124
静岡県,牧之原市,1990
静岡県,東伊豆町,294
静岡県,河津町,233
静岡県,南伊豆町,227
静岡県,松崎町,162
静岡県,西伊豆町,129
静岡県,函南町,1721
静岡県,清水町,1562
静岡県,長泉町,2604
静岡県,小山町,863
静岡県,吉田町,1353
静岡県,川根本町,－
静岡県,森町,803
愛知県,名古屋市千種区,7834
愛知県,名古屋市東区,4494
愛知県,名古屋市北区,6521
愛知県,名古屋市西区,6541
愛知県,名古屋市中村区,4894
愛知県,名古屋市中区,2216
愛知県,名古屋市昭和区,5860
愛知県,名古屋市瑞穂区,5685
愛知県,名古屋市熱田区,2742
愛知県,名古屋市中川区,9655
愛知県,名古屋市港区,5901
愛知県,名古屋市南区,5611
愛知県,名古屋市守山区,10395
愛知県,名古屋市緑区,15091
愛知県,名古屋市名東区,9074
愛知県,名古屋市天白区,7993
愛知県,豊橋市,19092
愛知県,岡崎市,21624
愛知県,一宮市,19263
愛知県,瀬戸市,6553
愛知県,半田市,5892
愛知県,春日井市,16083
愛知県,豊川市,9948
愛知県,津島市,2414
愛知県,碧南市,3918
愛知県,刈谷市,8616
愛知県,豊田市,21842
愛知県,安城市,10790
愛知県,西尾市,9527
愛知県,蒲郡市,3666
愛知県,犬山市,3292
愛知県,常滑市,3522
愛知県,江南市,4950
愛知県,小牧市,7472
愛知県,稲沢市,6789
愛知県,新城市,1881
愛知県,東海市,6616
愛知県,大府市,5724
愛知県,知多市,4159
愛知県,知立市,3817
愛知県,尾張旭市,4602
愛知県,高浜市,2894
愛知県,岩倉市,2290
愛知県,豊明市,3419
愛知県,日進市,6192
愛知県,田原市,3034
愛知県,愛西市,2690
愛知県,清須市,3961
愛知県,北名古屋市,4784
愛知県,弥富市,2054
愛知県,みよし市,3651
愛知県,あま市,4678
愛知県,長久手市,4464
愛知県,東郷町,2634
愛知県,豊山町,953
愛知県,大口町,1512
愛知県,扶桑町,1906
愛知県,大治町,2066
愛知県,蟹江町,1737
愛知県,飛島村,－
愛知県,阿久比町,2130
愛知県,東浦町,2779
愛知県,南知多町,551
愛知県,美浜町,874
愛知県,武豊町,2346
愛知県,幸田町,2832
愛知県,設楽町,115
愛知県,東栄町,91
愛知県,豊根村,36
三重県,津市,13047
三重県,四日市市,15007
三重県,伊勢市,5478
三重県,松阪市,7501
三重県,桑名市,7260
三重県,鈴鹿市,9523
三重県,名張市,3650
三重県,尾鷲市,488
三重県,亀山市,2772
三重県,鳥羽市,584
三重県,熊野市,621
三重県,いなべ市,2160
三重県,志摩市,1525
三重県,伊賀市,3717
三重県,木曽岬町,205
三重県,東員町,1455
三重県,菰野町,2320
三重県,朝日町,693
三重県,川越町,867
三重県,多気町,688
三重県,明和町,1227
三重県,大台町,306
三重県,玉城町,854
三重県,度会町,336
三重県,大紀町,204
三重県,南伊勢町,242
三重県,紀北町,418
三重県,御浜町,325
三重県,紀宝町,492
滋賀県,大津市,18480
滋賀県,彦根市,5849
滋賀県,長浜市,5508
滋賀県,近江八幡市,4562
滋賀県,草津市,8297
滋賀県,守山市,5520
滋賀県,栗東市,4161
滋賀県,甲賀市,4410
滋賀県,野洲市,2766
滋賀県,湖南市,2925
滋賀県,高島市,1834
滋賀県,東近江市,5915
滋賀県,米原市,2001
滋賀県,日野町,1042
滋賀県,竜王町,591
滋賀県,愛荘町,1378
滋賀県,豊郷町,417
滋賀県,甲良町,294
滋賀県,多賀町,465
京都府,京都市北区,5024
京都府,京都市上京区,2895
京都府,京都市左京区,7562
京都府,京都市中京区,4059
京都府,京都市東山区,405
京都府,京都市下京区,2851
京都府,京都市南区,3717
京都府,京都市右京区,8386
京都府,京都市伏見区,11509
京都府,京都市山科区,5037
京都府,京都市西京区,7043
京都府,福知山市,3915
京都府,舞鶴市,3705
京都府,綾部市,1336
京都府,宇治市,8268
京都府,宮津市,580
京都府,亀岡市,4050
京都府,城陽市,3342
京都府,向日市,3623
京都府,長岡京市,4493
京都府,八幡市,2995
京都府,京田辺市,4323
京都府,京丹後市,2302
京都府,南丹市,1299
京都府,木津川市,5537
京都府,大山崎町,911
京都府,久御山町,595
京都府,井手町,244
京都府,宇治田原町,392
京都府,笠置町,21
京都府,和束町,89
京都府,精華町,1979
京都府,南山城村,58
京都府,京丹波町,424
京都府,伊根町,81
京都府,与謝野町,854
大阪府,大阪市都島区,4570
大阪府,大阪市福島区,3739
大阪府,大阪市此花区,2916
大阪府,大阪市西区,4974
大阪府,大阪市港区,3001
大阪府,大阪市大正区,2394
大阪府,大阪市天王寺区,4531
大阪府,大阪市浪速区,1617
大阪府,大阪市西淀川区,3982
大阪府,大阪市東淀川区,6225
大阪府,大阪市東成区,3298
大阪府,大阪市生野区,3543
大阪府,大阪市旭区,3741
大阪府,大阪市城東区,8010
大阪府,大阪市阿倍野区,6666
大阪府,大阪市住吉区,7228
大阪府,大阪市東住吉区,5849
大阪府,大阪市西成区,2503
大阪府,大阪市淀川区,6803
大阪府,大阪市鶴見区,6096
大阪府,大阪市住之江区,4858
大阪府,大阪市平野区,8174
大阪府,大阪市北区,5455
大阪府,大阪市中央区,5470
大阪府,堺市堺区,6431
大阪府,堺市中区,6098
大阪府,堺市東区,4894
大阪府,堺市西区,6930
大阪府,堺市南区,5948
大阪府,堺市北区,7682
大阪府,堺市美原区,1858
大阪府,岸和田市,9130
大阪府,豊中市,21491
大阪府,池田市,5274
大阪府,吹田市,21320
大阪府,泉大津市,3379
大阪府,高槻市,16963
大阪府,貝塚市,3902
大阪府,守口市,5416
大阪府,枚方市,19570
大阪府,茨木市,15538
大阪府,八尾市,12093
大阪府,泉佐野市,4486
大阪府,富田林市,4814
大阪府,寝屋川市,10308
大阪府,河内長野市,4035
大阪府,松原市,4868
大阪府,大東市,5509
大阪府,和泉市,8789
大阪府,箕面市,8934
大阪府,柏原市,2896
大阪府,羽曳野市,4449
大阪府,門真市,4162
大阪府,摂津市,4177
大阪府,高石市,2848
大阪府,藤井寺市,3146
大阪府,東大阪市,18533
大阪府,泉南市,2771
大阪府,四條畷市,2553
大阪府,交野市,4033
大阪府,大阪狭山市,3274
大阪府,阪南市,2072
大阪府,島本町,1939
大阪府,豊能町,481
大阪府,能勢町,－
大阪府,忠岡町,736
大阪府,熊取町,2268
大阪府,田尻町,435
大阪府,岬町,474
大阪府,太子町,615
大阪府,河南町,651
大阪府,千早赤阪村,150
兵庫県,神戸市東灘区,11175
兵庫県,神戸市灘区,6975
兵庫県,神戸市兵庫区,3741
兵庫県,神戸市長田区,3170
兵庫県,神戸市須磨区,7481
兵庫県,神戸市垂水区,11534
兵庫県,神戸市北区,9891
兵庫県,神戸市中央区,4681
兵庫県,神戸市西区,11236
兵庫県,姫路市,25857
兵庫県,尼崎市,19811
兵庫県,明石市,17751
兵庫県,西宮市,25547
兵庫県,洲本市,1663
兵庫県,芦屋市,4407
兵庫県,伊丹市,10905
兵庫県,相生市,1274
兵庫県,豊岡市,3602
兵庫県,加古川市,12474
兵庫県,赤穂市,1990
兵庫県,西脇市,1743
兵庫県,宝塚市,13166
兵庫県,三木市,3252
兵庫県,高砂市,4314
兵庫県,川西市,7174
兵庫県,小野市,2371
兵庫県,三田市,5822
兵庫県,加西市,1870
兵庫県,丹波篠山市,1879
兵庫県,養父市,829
兵庫県,丹波市,2918
兵庫県,南あわじ市,2168
兵庫県,朝来市,1369
兵庫県,淡路市,1936
兵庫県,宍粟市,1472
兵庫県,加東市,1890
兵庫県,たつの市,3729
兵庫県,猪名川町,1426
兵庫県,多可町,734
兵庫県,稲美町,1649
兵庫県,播磨町,2082
兵庫県,市川町,438
兵庫県,福崎町,1011
兵庫県,神河町,416
兵庫県,太子町,1866
兵庫県,上郡町,500
兵庫県,佐用町,533
兵庫県,香美町,599
兵庫県,新温泉町,485
奈良県,奈良市,17220
奈良県,大和高田市,2280
奈良県,大和郡山市,3528
奈良県,天理市,3094
奈良県,橿原市,5513
奈良県,桜井市,2458
奈良県,五條市,965
奈良県,御所市,710
奈良県,生駒市,6337
奈良県,香芝市,4709
奈良県,葛城市,2371
奈良県,宇陀市,986
奈良県,山添村,85
奈良県,平群町,755
奈良県,三郷町,1074
奈良県,斑鳩町,1516
奈良県,安堵町,232
奈良県,川西町,388
奈良県,三宅町,232
奈良県,田原本町,1459
奈良県,曽爾村,－
奈良県,御杖村,28
奈良県,高取町,244
奈良県,明日香村,233
奈良県,上牧町,835
奈良県,王寺町,－
奈良県,広陵町,2164
奈良県,河合町,629
奈良県,吉野町,130
奈良県,大淀町,565
奈良県,下市町,－
奈良県,黒滝村,10
奈良県,天川村,－
奈良県,野迫川村,－
奈良県,十津川村,98
奈良県,下北山村,－
奈良県,上北山村,－
奈良県,川上村,－
奈良県,東吉野村,31
和歌山県,和歌山市,16522
和歌山県,海南市,1891
和歌山県,橋本市,2784
和歌山県,有田市,1018
和歌山県,御坊市,947
和歌山県,田辺市,3002
和歌山県,新宮市,1137
和歌山県,紀の川市,2627
和歌山県,岩出市,2854
和歌山県,紀美野町,228
和歌山県,かつらぎ町,672
和歌山県,九度山町,110
和歌山県,高野町,89
和歌山県,湯浅町,433
和歌山県,広川町,290
和歌山県,有田川町,1325
和歌山県,美浜町,268
和歌山県,日高町,501
和歌山県,由良町,157
和歌山県,印南町,349
和歌山県,みなべ町,547
和歌山県,日高川町,408
和歌山県,白浜町,753
和歌山県,上富田町,899
和歌山県,すさみ町,116
和歌山県,那智勝浦町,528
和歌山県,太地町,104
和歌山県,古座川町,76
和歌山県,北山村,26
和歌山県,串本町,460
鳥取県,鳥取市,8843
鳥取県,米子市,7753
鳥取県,倉吉市,2181
鳥取県,境港市,1598
鳥取県,岩美町,470
鳥取県,若桜町,74
鳥取県,智頭町,245
鳥取県,八頭町,723
鳥取県,三朝町,271
鳥取県,湯梨浜町,917
鳥取県,琴浦町,763
鳥取県,北栄町,751
鳥取県,日吉津村,228
鳥取県,大山町,726
鳥取県,南部町,466
鳥取県,伯耆町,505
鳥取県,日南町,106
鳥取県,日野町,－
鳥取県,江府町,－
島根県,松江市,9433
島根県,浜田市,2279
島根県,出雲市,9663
島根県,益田市,2089
島根県,大田市,1437
島根県,安来市,1653
島根県,江津市,944
島根県,雲南市,1610
島根県,奥出雲町,459
島根県,飯南町,161
島根県,川本町,126
島根県,美郷町,162
島根県,邑南町,428
島根県,津和野町,235
島根県,吉賀町,228
島根県,海士町,104
島根県,西ノ島町,104
島根県,知夫村,24
島根県,隠岐の島町,646
岡山県,岡山市北区,15007
岡山県,岡山市中区,8624
岡山県,岡山市東区,4007
岡山県,岡山市南区,8672
岡山県,倉敷市,25388
岡山県,津山市,4822
岡山県,玉野市,2239
岡山県,笠岡市,1812
岡山県,井原市,1441
岡山県,総社市,3846
岡山県,高梁市,981
岡山県,新見市,971
岡山県,備前市,1152
岡山県,瀬戸内市,1677
岡山県,赤磐市,2456
岡山県,真庭市,1969
岡山県,美作市,1050
岡山県,浅口市,1393
岡山県,和気町,507
岡山県,早島町,871
岡山県,里庄町,663
岡山県,矢掛町,580
岡山県,新庄村,33
岡山県,鏡野町,617
岡山県,勝央町,624
岡山県,奈義町,290
岡山県,西粟倉村,65
岡山県,久米南町,139
岡山県,美咲町,281
岡山県,吉備中央町,423
広島県,広島市中区,6456
広島県,広島市東区,6104
広島県,広島市南区,7709
広島県,広島市西区,8778
広島県,広島市安佐南区,14976
広島県,広島市安佐北区,6195
広島県,広島市安芸区,3697
広島県,広島市佐伯区,8609
広島県,呉市,8472
広島県,竹原市,615
広島県,三原市,4174
広島県,尾道市,5468
広島県,福山市,23613
広島県,府中市,794
広島県,三次市,2276
広島県,庄原市,1352
広島県,大竹市,1175
広島県,東広島市,10986
広島県,廿日市市,6382
広島県,安芸高田市,1069
広島県,江田島市,678
広島県,府中町,3251
広島県,海田町,1834
広島県,熊野町,1182
広島県,坂町,697
広島県,安芸太田町,197
広島県,北広島町,591
広島県,大崎上島町,177
広島県,世羅町,640
広島県,神石高原町,320
山口県,下関市,10898
山口県,宇部市,7435
山口県,山口市,9694
山口県,萩市,1426
山口県,防府市,5971
山口県,下松市,3041
山口県,岩国市,5608
山口県,光市,2269
山口県,長門市,1141
山口県,柳井市,1231
山口県,美祢市,644
山口県,周南市,6151
山口県,山陽小野田市,2880
山口県,周防大島町,352
山口県,和木町,385
山口県,上関町,53
山口県,田布施町,555
山口県,平生町,403
山口県,阿武町,95
徳島県,徳島市,12303
徳島県,鳴門市,2213
徳島県,小松島市,1287
徳島県,阿南市,3258
徳島県,吉野川市,1540
徳島県,阿波市,1406
徳島県,美馬市,1061
徳島県,三好市,779
徳島県,勝浦町,179
徳島県,上勝町,47
徳島県,佐那河内村,73
徳島県,石井町,1237
徳島県,神山町,138
徳島県,那賀町,232
徳島県,牟岐町,87
徳島県,美波町,167
徳島県,海陽町,251
徳島県,松茂町,679
徳島県,北島町,1456
徳島県,藍住町,2129
徳島県,板野町,547
徳島県,上板町,461
徳島県,つるぎ町,229
徳島県,東みよし町,595
香川県,高松市,21846
香川県,丸亀市,5844
香川県,坂出市,2382
香川県,善通寺市,1427
香川県,観音寺市,2689
香川県,さぬき市,1715
香川県,東かがわ市,988
香川県,三豊市,2845
香川県,土庄町,478
香川県,小豆島町,497
香川県,三木町,1442
香川県,直島町,110
香川県,宇多津町,934
香川県,綾川町,1121
香川県,琴平町,293
香川県,多度津町,990
香川県,まんのう町,847
愛媛県,松山市,25367
愛媛県,今治市,6417
愛媛県,宇和島市,2735
愛媛県,八幡浜市,1134
愛媛県,新居浜市,5572
愛媛県,西条市,5114
愛媛県,大洲市,1781
愛媛県,伊予市,1792
愛媛県,四国中央市,3706
愛媛県,西予市,1348
愛媛県,東温市,1673
愛媛県,上島町,192
愛媛県,久万高原町,218
愛媛県,松前町,1679
愛媛県,砥部町,1029
愛媛県,内子町,612
愛媛県,伊方町,213
愛媛県,松野町,122
愛媛県,鬼北町,328
愛媛県,愛南町,611
高知県,高知市,14971
高知県,室戸市,310
高知県,安芸市,541
高知県,南国市,2289
高知県,土佐市,1159
高知県,須崎市,686
高知県,宿毛市,775
高知県,土佐清水市,326
高知県,四万十市,1464
高知県,香南市,1616
高知県,香美市,1094
高知県,東洋町,45
高知県,奈半利町,102
高知県,田野町,102
高知県,安田町,98
高知県,北川村,34
高知県,馬路村,33
高知県,芸西村,174
高知県,本山町,108
高知県,大豊町,－
高知県,土佐町,154
高知県,大川村,－
高知県,いの町,910
高知県,仁淀川町,115
高知県,中土佐町,186
高知県,佐川町,493
高知県,越知町,147
高知県,梼原町,131
高知県,日高村,232
高知県,津野町,208
高知県,四万十町,624
高知県,大月町,104
高知県,三原村,41
高知県,黒潮町,363
福岡県,北九州市門司区,4171
福岡県,北九州市若松区,4423
福岡県,北九州市戸畑区,2850
福岡県,北九州市小倉北区,7561
福岡県,北九州市小倉南区,10595
福岡県,北九州市八幡東区,2922
福岡県,北九州市八幡西区,12118
福岡県,福岡市東区,18457
福岡県,福岡市博多区,8781
福岡県,福岡市中央区,8788
福岡県,福岡市南区,15511
福岡県,福岡市西区,12152
福岡県,福岡市城南区,6759
福岡県,福岡市早良区,13861
福岡県,大牟田市,4773
福岡県,久留米市,17068
福岡県,直方市,2861
福岡県,飯塚市,6707
福岡県,田川市,2235
福岡県,柳川市,3002
福岡県,八女市,2796
福岡県,筑後市,2943
福岡県,大川市,1323
福岡県,行橋市,3986
福岡県,豊前市,1107
福岡県,中間市,1721
福岡県,小郡市,3605
福岡県,筑紫野市,6086
福岡県,春日市,7056
福岡県,大野城市,6401
福岡県,宗像市,5606
福岡県,太宰府市,4374
福岡県,古賀市,3481
福岡県,福津市,5032
福岡県,うきは市,1401
福岡県,宮若市,1291
福岡県,嘉麻市,629
福岡県,朝倉市,2548
福岡県,みやま市,1576
福岡県,糸島市,6319
福岡県,那珂川市,3135
福岡県,宇美町,2161
福岡県,篠栗町,1801
福岡県,志免町,2854
福岡県,須恵町,2080
福岡県,新宮町,2681
福岡県,久山町,686
福岡県,粕屋町,3242
福岡県,芦屋町,664
福岡県,水巻町,1438
福岡県,岡垣町,1733
福岡県,遠賀町,985
福岡県,小竹町,248
福岡県,鞍手町,671
福岡県,桂川町,638
福岡県,筑前町,1826
福岡県,東峰村,59
福岡県,大刀洗町,965
福岡県,大木町,826
福岡県,広川町,1139
福岡県,香春町,－
福岡県,添田町,330
福岡県,糸田町,463
福岡県,川崎町,668
福岡県,大任町,306
福岡県,赤村,152
福岡県,福智町,698
福岡県,苅田町,2126
福岡県,みやこ町,727
福岡県,吉富町,330
福岡県,上毛町,439
福岡県,築上町,702
佐賀県,佐賀市,12632
佐賀県,唐津市,6215
佐賀県,鳥栖市,4323
佐賀県,多久市,－
佐賀県,伊万里市,2763
佐賀県,武雄市,2532
佐賀県,鹿島市,1500
佐賀県,小城市,2431
佐賀県,嬉野市,1265
佐賀県,神埼市,1520
佐賀県,吉野ヶ里町,923
佐賀県,基山町,1006
佐賀県,上峰町,567
佐賀県,みやき町,1460
佐賀県,玄海町,－
佐賀県,有田町,1008
佐賀県,大町町,－
佐賀県,江北町,569
佐賀県,白石町,994
佐賀県,太良町,330
長崎県,長崎市,18576
長崎県,佐世保市,12214
長崎県,島原市,2219
長崎県,諫早市,7272
長崎県,大村市,6416
長崎県,平戸市,1315
長崎県,松浦市,1016
長崎県,対馬市,1203
長崎県,壱岐市,1213
長崎県,五島市,1330
長崎県,西海市,1136
長崎県,雲仙市,1999
長崎県,南島原市,1807
長崎県,長与町,2369
長崎県,時津町,1669
長崎県,東彼杵町,373
長崎県,川棚町,653
長崎県,波佐見町,773
長崎県,小値賀町,75
長崎県,佐々町,939
長崎県,新上五島町,548
熊本県,熊本市中央区,8893
熊本県,熊本市東区,11535
熊本県,熊本市西区,4127
熊本県,熊本市南区,8610
熊本県,熊本市北区,7417
熊本県,八代市,5959
熊本県,人吉市,1473
熊本県,荒尾市,2561
熊本県,水俣市,1000
熊本県,玉名市,3257
熊本県,山鹿市,2411
熊本県,菊池市,2398
熊本県,宇土市,1962
熊本県,上天草市,957
熊本県,宇城市,2897
熊本県,阿蘇市,1137
熊本県,天草市,3160
熊本県,合志市,5098
熊本県,美里町,273
熊本県,玉東町,321
熊本県,南関町,372
熊本県,長洲町,778
熊本県,和水町,420
熊本県,大津町,2447
熊本県,菊陽町,2999
熊本県,南小国町,163
熊本県,小国町,266
熊本県,産山村,－
熊本県,高森町,213
熊本県,西原村,396
熊本県,南阿蘇村,410
熊本県,御船町,1031
熊本県,嘉島町,837
熊本県,益城町,2283
熊本県,甲佐町,530
熊本県,山都町,473
熊本県,氷川町,456
熊本県,芦北町,595
熊本県,津奈木町,183
熊本県,錦町,601
熊本県,多良木町,368
熊本県,湯前町,151
熊本県,水上村,－
熊本県,相良村,177
熊本県,五木村,23
熊本県,山江村,214
熊本県,球磨村,－
熊本県,あさぎり町,730
熊本県,苓北町,269
大分県,大分市,24982
大分県,別府市,4882
大分県,中津市,4463
大分県,日田市,2950
大分県,佐伯市,2665
大分県,臼杵市,1435
大分県,津久見市,499
大分県,竹田市,696
大分県,豊後高田市,1023
大分県,杵築市,1139
大分県,宇佐市,2444
大分県,豊後大野市,1278
大分県,由布市,1758
大分県,国東市,730
大分県,姫島村,54
大分県,日出町,1503
大分県,九重町,364
大分県,玖珠町,591
宮崎県,宮崎市,22111
宮崎県,都城市,9321
宮崎県,延岡市,5799
宮崎県,日南市,2240
宮崎県,小林市,2082
宮崎県,日向市,3074
宮崎県,串間市,793
宮崎県,西都市,1337
宮崎県,えびの市,746
宮崎県,三股町,1893
宮崎県,高原町,406
宮崎県,国富町,868
宮崎県,綾町,347
宮崎県,高鍋町,991
宮崎県,新富町,906
宮崎県,西米良村,57
宮崎県,木城町,－
宮崎県,川南町,727
宮崎県,都農町,536
宮崎県,門川町,930
宮崎県,諸塚村,58
宮崎県,椎葉村,113
宮崎県,美郷町,－
宮崎県,高千穂町,489
宮崎県,日之影町,121
宮崎県,五ヶ瀬町,120
鹿児島県,鹿児島市,32810
鹿児島県,鹿屋市,6137
鹿児島県,枕崎市,811
鹿児島県,阿久根市,781
鹿児島県,出水市,2760
鹿児島県,指宿市,1766
鹿児島県,西之表市,710
鹿児島県,垂水市,469
鹿児島県,薩摩川内市,4712
鹿児島県,日置市,2259
鹿児島県,曽於市,1464
鹿児島県,霧島市,7148
鹿児島県,いちき串木野市,1232
鹿児島県,南さつま市,1146
鹿児島県,志布志市,1611
鹿児島県,奄美市,2229
鹿児島県,南九州市,1457
鹿児島県,伊佐市,1043
鹿児島県,姶良市,4804
鹿児島県,三島村,－
鹿児島県,十島村,－
鹿児島県,さつま町,802
鹿児島県,長島町,541
鹿児島県,湧水町,328
鹿児島県,大崎町,571
鹿児島県,東串良町,362
鹿児島県,錦江町,221
鹿児島県,南大隅町,190
鹿児島県,肝付町,617
鹿児島県,中種子町,351
鹿児島県,南種子町,332
鹿児島県,屋久島町,678
鹿児島県,大和村,63
鹿児島県,宇検村,98
鹿児島県,瀬戸内町,384
鹿児島県,龍郷町,396
鹿児島県,喜界町,306
鹿児島県,徳之島町,611
鹿児島県,天城町,319
鹿児島県,伊仙町,382
鹿児島県,和泊町,362
鹿児島県,知名町,328
鹿児島県,与論町,322
沖縄県,那覇市,18041
沖縄県,宜野湾市,6962
沖縄県,石垣市,3324
沖縄県,浦添市,7424
沖縄県,名護市,4367
沖縄県,糸満市,4496
沖縄県,沖縄市,9372
沖縄県,豊見城市,5203
沖縄県,うるま市,8942
沖縄県,宮古島市,3395
沖縄県,南城市,3480
沖縄県,国頭村,224
沖縄県,大宜味村,134
沖縄県,東村,99
沖縄県,今帰仁村,572
沖縄県,本部町,786
沖縄県,恩納村,658
沖縄県,宜野座村,504
沖縄県,金武町,800
沖縄県,伊江村,245
沖縄県,読谷村,2973
沖縄県,嘉手納町,960
沖縄県,北谷町,2095
沖縄県,北中城村,1334
沖縄県,中城村,1524
沖縄県,西原町,2895
沖縄県,与那原町,1424
沖縄県,南風原町,3362
沖縄県,渡嘉敷村,51
沖縄県,座間味村,45
沖縄県,粟国村,30
沖縄県,渡名喜村,10
沖縄県,南大東村,69
沖縄県,北大東村,36
沖縄県,伊平屋村,62
沖縄県,伊是名村,83
沖縄県,久米島町,394
沖縄県,八重瀬町,2830
沖縄県,多良間村,57
沖縄県,竹富町,270
沖縄県,与那国町,106